url_id,location,currency,hourly_price_usd,daily_price_usd,at_tables,in_lounge,maximum_total,sq_ft,ratings,rating_score,Air conditioning,Airtame,Apple TV,Bathroom on premises,Blinds,Catering allowed,Dishwasher,Elevator access,Ensuite bathroom,Ensuite kitchenette,Fireplace,Flatscreen TV,Free coffee,Free water,Google Chromebox,Great view,HDMI,Kitchenette on premises,Lobby staff,Microwave,Mini fridge,Mirror,On-site catering,Parking,Phone charger,Premium building,Projector,Projector Screen,Skylight,Speakers,Tea point,Thunderbolt,USB-C Multiport,Waiting room,Water for sale,Webcam,Wheelchair accessible,Whiteboard,WiFi,Wireless presentation,Yoga mat,wePresent
https://breather.com/locations/boston/262-washington-2,boston,USD,57.0,452.0,8.0,3.0,11.0,440.0,29.0,4.7,1,0,0,1,0,0,0,1,0,0,0,0,0,0,0,0,1,0,0,0,0,1,0,0,1,0,0,0,0,0,0,1,1,0,0,0,0,0,1,0,0,0
https://breather.com/locations/boston/50-congress-543,boston,USD,49.0,392.0,4.0,2.0,6.0,226.0,395.0,4.4,1,0,0,1,0,0,0,1,0,0,0,0,0,0,0,0,0,0,1,0,0,0,0,0,1,0,0,0,0,0,0,0,0,0,0,0,0,1,1,0,0,0
https://breather.com/locations/boston/11-beacon-605,boston,USD,65.0,520.0,12.0,2.0,14.0,485.0,9.0,4.6,1,0,0,1,0,0,0,1,0,0,0,0,0,0,0,0,1,0,1,0,0,1,0,0,1,0,0,0,0,0,0,1,1,0,0,0,0,0,1,0,0,0
https://breather.com/locations/boston/262-washington-8,boston,USD,59.0,472.0,12.0,2.0,14.0,470.0,11.0,4.7,1,0,0,1,1,0,0,1,0,0,0,0,0,0,0,0,1,0,0,0,0,0,0,0,1,0,0,0,0,0,0,1,1,0,0,0,0,0,1,0,0,0
https://breather.com/locations/boston/11-beacon-1110,boston,USD,95.0,759.0,18.0,4.0,22.0,752.0,12.0,4.8,1,0,0,1,0,0,0,1,0,0,0,0,0,0,0,0,1,0,1,0,0,0,0,0,1,0,0,0,0,0,0,1,1,0,0,0,0,0,1,0,0,0
https://breather.com/locations/boston/180-canal,boston,USD,89.0,712.0,16.0,4.0,20.0,920.0,33.0,4.8,1,0,0,1,0,0,0,1,0,1,0,1,0,0,0,0,1,0,0,0,1,1,0,0,1,0,0,0,0,0,0,1,1,0,0,0,0,0,1,0,0,0
https://breather.com/locations/boston/87-wendell-1,boston,USD,85.0,680.0,18.0,3.0,25.0,605.0,84.0,4.6,1,0,0,1,0,0,0,0,0,0,0,1,0,0,0,0,1,0,0,0,0,1,0,0,1,0,0,0,0,0,0,1,1,0,0,0,0,0,1,0,0,0
https://breather.com/locations/boston/225-friend-2,boston,USD,59.0,471.0,6.0,0.0,6.0,289.0,17.0,4.7,1,0,0,1,0,0,0,1,0,0,0,0,0,0,0,0,1,0,0,0,0,0,0,0,1,0,0,0,0,0,0,1,1,0,0,0,0,1,1,0,0,0
https://breather.com/locations/boston/225-friend-3,boston,USD,95.0,759.0,12.0,3.0,15.0,562.0,5.0,5.0,1,0,0,1,1,0,0,1,0,0,0,0,0,0,0,0,1,0,0,0,0,1,0,0,1,0,0,0,0,0,0,1,1,0,0,0,0,0,1,0,0,0
https://breather.com/locations/boston/262-washington-1,boston,USD,119.0,951.0,20.0,2.0,22.0,772.0,6.0,4.8,1,0,0,1,1,0,0,1,0,1,0,0,0,0,0,0,1,0,0,0,1,0,0,0,1,0,0,0,0,0,0,1,1,0,0,0,0,0,1,0,0,0
https://breather.com/locations/boston/211-congress,boston,USD,70.0,,12.0,3.0,15.0,697.0,6.0,4.7,1,0,0,1,0,0,0,1,0,1,0,0,0,0,0,0,1,0,1,0,0,1,0,0,1,0,0,0,0,0,0,1,1,0,0,0,0,0,1,0,0,0
https://breather.com/locations/boston/225-friend-1,boston,USD,100.0,797.0,14.0,6.0,20.0,789.0,9.0,4.7,1,0,0,1,0,0,0,1,0,1,0,0,0,0,0,0,1,0,0,0,1,1,0,0,1,0,0,0,1,0,0,1,1,0,0,0,0,1,1,0,0,0
https://breather.com/locations/boston/179-south-1,boston,USD,137.0,1095.0,12.0,4.0,16.0,627.0,14.0,4.6,1,0,0,1,1,0,0,1,0,0,0,0,0,0,0,0,1,0,0,0,0,1,0,0,1,0,0,0,0,0,0,1,1,0,0,0,0,1,1,0,0,0
https://breather.com/locations/boston/179-south-2,boston,USD,153.0,1220.0,28.0,4.0,32.0,1050.0,21.0,4.5,1,0,0,1,1,0,0,1,0,1,0,0,0,0,0,0,1,0,0,0,1,1,0,0,1,0,0,0,0,0,0,1,1,0,0,0,0,0,1,0,0,0
https://breather.com/locations/boston/313-congress-3,boston,USD,191.0,1527.0,40.0,5.0,45.0,1510.0,11.0,4.5,1,0,0,1,1,0,0,1,0,1,0,0,0,0,0,0,1,0,1,0,1,1,0,0,1,1,1,0,0,0,0,1,1,0,0,0,0,0,1,1,0,0
https://breather.com/locations/boston/313-congress-2,boston,USD,131.0,1047.0,18.0,4.0,25.0,822.0,6.0,4.8,1,0,0,1,1,0,0,1,0,0,0,0,0,0,0,0,1,0,1,0,0,1,0,0,0,0,0,0,0,0,0,1,1,0,0,0,0,0,1,0,0,0
https://breather.com/locations/boston/374-congress-500,boston,USD,134.0,1072.0,24.0,5.0,29.0,936.0,6.0,5.0,1,0,0,1,1,0,0,1,0,1,0,0,0,0,0,0,1,0,0,0,1,1,0,0,1,0,0,0,0,0,0,1,1,0,0,0,0,0,1,0,0,0
https://breather.com/locations/boston/115-newbury-2,boston,USD,47.0,375.0,2.0,2.0,4.0,165.0,86.0,4.5,1,0,0,1,0,0,0,1,0,0,0,0,0,0,0,0,0,0,0,0,0,1,0,0,0,0,0,0,0,0,0,0,0,1,0,0,0,0,1,0,0,0
https://breather.com/locations/boston/171-newbury,boston,USD,155.0,1239.0,24.0,6.0,30.0,1014.0,68.0,4.8,1,0,1,0,0,0,0,1,1,1,0,0,0,0,0,0,1,0,0,0,1,1,0,0,1,0,0,0,0,0,0,1,1,0,0,0,0,0,1,0,0,0
https://breather.com/locations/new-york/40-exchange-place-1302,new-york,USD,110.0,880.0,12.0,2.0,14.0,680.0,25.0,4.8,1,0,0,1,0,0,0,1,0,1,0,0,0,0,0,1,1,0,1,0,1,1,0,0,1,0,0,0,0,0,0,1,1,0,0,0,0,0,1,0,0,0
https://breather.com/locations/new-york/241-centre-st,new-york,USD,245.0,1960.0,28.0,6.0,50.0,1500.0,59.0,4.8,1,0,1,0,1,0,0,1,1,1,0,0,0,0,0,1,1,0,0,0,0,0,0,0,1,0,1,0,0,0,0,0,0,0,0,0,0,1,1,0,0,0
https://breather.com/locations/new-york/135-bowery-3,new-york,USD,59.0,472.0,4.0,3.0,7.0,240.0,151.0,4.7,1,0,0,1,0,0,0,1,0,0,0,0,0,0,0,0,0,0,0,0,0,1,0,0,1,0,0,0,0,0,0,0,0,0,1,0,0,1,1,0,0,0
https://breather.com/locations/new-york/135-bowery-4,new-york,USD,90.0,720.0,8.0,3.0,11.0,305.0,83.0,4.5,1,0,1,1,0,0,0,1,0,0,0,1,0,0,0,0,1,0,0,0,0,1,0,0,1,0,0,0,0,0,0,0,0,0,1,0,0,1,1,0,0,0
https://breather.com/locations/new-york/494-broadway-2,new-york,USD,275.0,2200.0,32.0,8.0,40.0,1750.0,18.0,4.8,1,0,0,0,0,0,0,0,1,1,0,0,0,0,0,0,1,0,0,0,1,1,0,0,1,0,0,0,0,0,0,1,1,0,0,0,0,0,1,0,0,0
https://breather.com/locations/new-york/648-broadway-203,new-york,USD,58.0,464.0,6.0,4.0,8.0,255.0,268.0,4.5,1,0,0,1,0,0,0,1,0,0,0,0,0,0,0,0,0,0,0,0,0,1,0,0,1,0,0,0,0,0,0,0,0,0,0,0,0,1,1,0,0,0
https://breather.com/locations/new-york/648-broadway-910,new-york,USD,40.0,320.0,8.0,2.0,10.0,215.0,55.0,4.4,1,0,0,1,0,0,0,1,0,0,0,0,0,0,0,0,0,0,0,0,0,1,0,0,1,0,0,0,0,0,0,0,0,0,0,0,0,1,1,0,0,0
https://breather.com/locations/new-york/99-university-2,new-york,USD,63.0,504.0,6.0,3.0,9.0,250.0,763.0,4.6,1,0,0,1,0,0,0,1,0,0,0,0,0,0,0,0,0,0,0,0,0,0,0,0,1,0,0,0,0,0,0,0,0,1,0,0,0,1,1,0,0,0
https://breather.com/locations/new-york/99-university-1,new-york,USD,47.0,376.0,4.0,4.0,8.0,250.0,1035.0,4.5,1,0,0,1,0,0,0,1,0,0,0,0,0,0,0,0,0,0,0,0,0,0,0,0,1,0,0,0,0,0,0,0,0,1,0,0,0,1,1,0,0,0
https://breather.com/locations/new-york/915-broadway-803-2,new-york,USD,138.0,1104.0,10.0,5.0,15.0,508.0,51.0,4.7,1,0,0,1,0,0,0,1,0,0,0,0,0,0,0,0,1,1,1,0,1,1,0,0,1,1,0,0,0,0,0,1,1,1,0,0,0,0,1,0,0,0
https://breather.com/locations/new-york/130-w-25,new-york,USD,55.0,440.0,8.0,3.0,15.0,317.0,48.0,4.3,1,0,0,1,0,0,0,1,0,0,0,0,0,0,0,0,0,0,0,0,0,0,0,0,1,0,0,0,0,0,0,0,0,0,0,0,0,0,1,0,0,0
https://breather.com/locations/new-york/115-125-30th-1101,new-york,USD,108.0,864.0,20.0,4.0,24.0,686.0,87.0,4.6,1,0,0,1,0,0,0,1,0,0,0,0,0,0,0,0,1,0,1,0,0,1,0,0,1,0,0,0,0,0,0,1,1,0,0,0,0,0,1,1,0,0
https://breather.com/locations/new-york/8-e-41-4-2,new-york,USD,106.0,848.0,10.0,3.0,13.0,500.0,48.0,4.6,1,0,0,0,0,0,0,1,1,0,0,0,0,0,0,0,1,0,1,0,0,1,0,0,0,0,0,0,0,0,0,1,1,0,0,0,0,0,1,0,0,0
https://breather.com/locations/new-york/8-e-41-4-1,new-york,USD,119.0,952.0,16.0,2.0,18.0,625.0,24.0,4.5,1,0,0,0,0,0,0,1,1,0,0,0,0,0,0,0,1,0,0,0,0,1,0,0,1,0,0,0,0,0,0,1,1,1,0,0,0,0,1,0,0,0
https://breather.com/locations/san-francisco/165-10th-200,san-francisco,USD,165.0,1320.0,30.0,10.0,40.0,1340.0,16.0,4.6,1,0,0,1,0,0,0,0,0,1,0,0,0,0,0,0,1,0,0,0,0,1,0,0,1,0,0,0,0,0,0,1,1,0,0,0,0,0,1,0,0,0
https://breather.com/locations/san-francisco/251-post-620,san-francisco,USD,276.0,2208.0,32.0,8.0,40.0,1272.0,10.0,4.1,1,0,0,1,1,0,0,1,0,1,0,0,0,0,0,0,1,0,1,0,0,0,0,0,1,0,0,0,0,0,0,1,1,0,0,0,1,0,1,0,0,0
https://breather.com/locations/san-francisco/329-bryant-3a,san-francisco,USD,111.0,888.0,12.0,4.0,16.0,725.0,24.0,4.5,0,0,0,0,1,0,0,0,1,0,0,0,0,0,0,0,1,0,0,0,1,1,0,0,1,0,0,0,1,0,0,1,1,0,0,0,0,0,1,0,0,0
https://breather.com/locations/san-francisco/165-10th-250,san-francisco,USD,72.0,576.0,10.0,2.0,10.0,330.0,47.0,4.9,0,0,0,1,0,0,0,0,0,0,0,0,0,0,0,0,1,0,0,0,0,1,0,0,1,0,0,0,0,0,0,1,1,0,0,0,0,0,1,0,0,0
https://breather.com/locations/san-francisco/165-10th-150,san-francisco,USD,54.0,432.0,8.0,2.0,8.0,350.0,57.0,4.5,0,0,0,1,1,0,0,0,0,0,0,0,0,0,0,0,1,0,0,0,0,0,0,0,1,0,0,0,0,0,0,1,0,0,0,0,0,0,1,0,0,0
https://breather.com/locations/san-francisco/1-hallidie-305,san-francisco,USD,59.0,472.0,10.0,2.0,12.0,310.0,43.0,4.7,0,0,0,1,0,0,0,1,0,0,0,0,0,0,0,0,1,0,0,0,0,1,0,0,1,0,0,0,0,0,0,1,1,0,0,0,0,1,1,0,0,0
https://breather.com/locations/san-francisco/powell,san-francisco,USD,59.0,472.0,8.0,4.0,12.0,175.0,564.0,4.7,1,0,0,1,1,0,0,1,0,0,0,0,0,0,0,1,0,0,0,0,0,1,0,0,1,0,0,0,0,0,0,0,0,0,0,0,0,1,1,0,0,0
https://breather.com/locations/san-francisco/965-mission-400,san-francisco,USD,127.0,1016.0,18.0,4.0,22.0,800.0,32.0,4.9,0,0,0,1,0,0,0,1,0,0,0,1,0,0,0,0,1,0,1,0,0,1,0,0,1,0,0,0,0,0,0,1,1,0,0,0,0,0,1,0,0,0
https://breather.com/locations/san-francisco/1-hallidie-plaza-300,san-francisco,USD,97.0,776.0,12.0,6.0,25.0,650.0,58.0,4.8,1,0,0,1,0,0,0,1,0,0,0,0,0,0,0,1,1,0,0,0,0,1,0,0,1,0,0,0,0,0,0,1,0,0,0,0,0,0,1,0,0,0
https://breather.com/locations/san-francisco/459-clementina,san-francisco,USD,317.0,2536.0,48.0,8.0,62.0,1750.0,28.0,4.8,1,0,0,1,0,0,1,0,1,1,0,0,0,0,0,0,1,0,0,0,1,1,0,0,1,0,1,1,1,0,0,1,1,0,0,0,0,0,1,1,0,0
https://breather.com/locations/san-francisco/433-natoma,san-francisco,USD,108.0,864.0,14.0,2.0,18.0,730.0,43.0,4.8,1,0,0,1,0,0,0,1,1,1,0,0,0,0,0,0,1,0,0,0,1,0,0,0,1,0,0,0,0,0,0,1,0,0,0,0,0,1,1,0,0,0
https://breather.com/locations/san-francisco/433-natoma-301,san-francisco,USD,187.0,1496.0,30.0,8.0,36.0,1133.0,28.0,4.8,1,0,0,1,0,0,0,1,0,1,0,0,0,0,0,0,1,0,0,0,1,0,0,0,1,0,0,0,1,0,0,1,0,0,0,0,0,1,1,0,0,0
https://breather.com/locations/san-francisco/yerba-buena,san-francisco,USD,54.0,432.0,10.0,1.0,10.0,280.0,431.0,4.7,0,0,0,1,0,0,0,0,0,0,0,1,0,0,0,0,1,0,0,0,0,0,0,0,0,0,0,0,0,0,0,1,0,0,0,0,0,1,1,0,0,0
https://breather.com/locations/san-francisco/833-market-316,san-francisco,USD,50.0,400.0,10.0,1.0,11.0,303.0,80.0,4.5,0,0,0,1,1,0,0,1,0,0,0,0,0,0,0,0,1,0,1,0,0,1,0,0,1,0,0,0,0,0,0,1,1,0,0,0,0,1,1,0,0,0
https://breather.com/locations/san-francisco/999-sutter-206,san-francisco,USD,75.0,600.0,10.0,5.0,15.0,400.0,,,0,0,0,1,1,0,0,0,0,0,0,0,0,0,0,0,1,0,0,0,0,0,0,0,1,0,0,0,0,0,0,1,1,0,0,0,0,0,1,0,0,0
https://breather.com/locations/san-francisco/185-clara-101b,san-francisco,USD,134.0,1072.0,18.0,5.0,23.0,717.0,104.0,4.8,0,0,0,1,0,0,0,0,0,0,0,1,0,0,0,0,1,1,0,0,0,1,0,0,0,0,0,0,0,0,0,1,1,0,0,0,0,1,1,0,0,0
https://breather.com/locations/san-francisco/433-natoma-2-b,san-francisco,USD,108.0,864.0,16.0,2.0,18.0,708.0,11.0,4.7,0,0,0,0,0,0,0,1,0,1,0,0,0,0,0,0,1,0,0,0,1,1,0,0,1,0,0,0,0,0,0,1,1,0,0,0,0,0,0,0,0,0
https://breather.com/locations/san-francisco/999-sutter-202,san-francisco,USD,64.0,512.0,8.0,1.0,8.0,250.0,6.0,4.8,0,0,0,0,1,0,0,0,0,0,0,0,0,0,0,0,1,0,0,0,0,0,0,0,1,0,0,0,0,0,0,1,1,0,0,0,0,0,1,0,0,0
https://breather.com/locations/san-francisco/490-post-208,san-francisco,USD,57.0,456.0,8.0,4.0,12.0,534.0,225.0,4.5,0,0,0,1,0,0,0,1,0,1,0,0,0,0,0,0,0,0,1,0,1,1,0,0,1,0,0,0,1,0,0,0,0,0,0,0,1,1,1,0,0,0
https://breather.com/locations/san-francisco/833-market-306,san-francisco,USD,165.0,1320.0,28.0,4.0,40.0,980.0,73.0,4.7,0,0,0,1,1,0,0,1,0,1,0,0,0,0,0,0,1,0,0,0,1,1,0,0,1,0,1,0,0,0,0,1,1,0,0,0,0,1,1,0,0,0
https://breather.com/locations/san-francisco/833-market-314,san-francisco,USD,43.0,344.0,6.0,4.0,10.0,292.0,178.0,4.5,0,0,0,1,1,0,0,1,0,0,0,0,0,0,0,0,0,0,1,0,0,1,0,0,1,0,0,0,0,0,0,0,0,0,0,0,0,1,1,0,0,0
https://breather.com/locations/san-francisco/647-7th,san-francisco,USD,134.0,1072.0,18.0,4.0,22.0,607.0,61.0,4.4,0,0,0,0,0,0,0,0,1,0,0,1,0,0,0,0,1,0,0,0,1,1,0,0,1,0,0,0,0,0,0,1,1,0,0,0,0,1,1,0,0,0
https://breather.com/locations/san-francisco/650-5th-street-401,san-francisco,USD,54.0,432.0,8.0,3.0,11.0,411.0,205.0,4.8,0,0,0,1,1,0,0,1,0,0,0,1,0,0,0,0,1,0,0,0,0,0,0,0,1,0,0,0,0,0,0,1,1,0,0,0,0,1,1,0,0,0
https://breather.com/locations/san-francisco/785-market-920,san-francisco,USD,108.0,864.0,14.0,4.0,18.0,250.0,102.0,4.6,0,0,0,1,0,0,0,1,0,0,0,1,0,0,0,0,1,0,1,0,0,1,0,0,1,0,0,0,0,0,0,1,1,0,0,0,0,1,1,0,0,0
https://breather.com/locations/san-francisco/490-post-406,san-francisco,USD,34.0,272.0,4.0,2.0,6.0,155.0,246.0,4.6,0,0,0,1,0,0,0,1,0,0,0,0,0,0,0,0,0,0,1,0,1,1,0,0,1,0,0,0,0,0,0,0,0,0,0,0,0,1,1,0,0,0
https://breather.com/locations/san-francisco/9-kearny-4th-floor,san-francisco,USD,64.0,512.0,8.0,3.0,8.0,600.0,62.0,4.7,0,0,0,1,0,0,0,0,0,0,0,0,0,0,0,1,1,0,0,0,0,0,0,0,0,0,0,0,0,0,0,1,1,0,0,0,0,0,1,1,0,0
https://breather.com/locations/san-francisco/251-post-300,san-francisco,USD,108.0,864.0,16.0,3.0,19.0,604.0,62.0,4.8,0,0,0,1,0,0,0,1,0,0,0,1,0,0,0,0,1,0,0,0,0,1,0,0,1,0,0,0,0,0,0,1,1,0,0,0,0,1,1,0,0,0
https://breather.com/locations/san-francisco/251-post-510,san-francisco,USD,291.0,2328.0,28.0,9.0,40.0,1505.0,44.0,4.8,0,0,0,1,1,0,0,1,0,1,0,1,0,0,0,1,1,1,0,0,1,1,0,0,0,0,0,0,0,0,0,1,1,0,0,0,0,1,1,1,0,0
https://breather.com/locations/san-francisco/dragon-gate,san-francisco,USD,63.0,504.0,8.0,3.0,11.0,380.0,373.0,4.7,0,0,0,1,0,0,0,0,0,0,0,0,0,0,0,1,0,0,0,0,0,0,0,0,0,0,0,0,0,0,0,0,0,0,0,0,0,1,1,0,0,0
https://breather.com/locations/san-francisco/kearny-1,san-francisco,USD,33.0,264.0,4.0,4.0,8.0,232.0,974.0,4.7,0,0,0,1,0,0,0,0,0,0,0,0,0,0,0,0,0,0,0,0,0,0,0,0,0,0,0,0,0,0,0,0,0,0,0,0,0,1,1,0,0,0
https://breather.com/locations/san-francisco/kearny-2,san-francisco,USD,31.0,248.0,3.0,1.0,5.0,190.0,750.0,4.7,0,0,0,1,0,0,0,0,0,0,0,0,0,0,0,0,0,0,0,0,0,0,0,0,0,0,0,0,0,0,0,0,0,0,0,0,0,1,1,0,0,0
https://breather.com/locations/san-francisco/55-new-montgomery-220,san-francisco,USD,54.0,432.0,8.0,3.0,11.0,357.0,205.0,4.7,0,0,0,1,0,0,0,1,0,0,0,0,0,0,0,0,0,0,0,0,0,1,0,0,1,0,0,0,0,0,0,0,0,0,0,0,0,1,1,0,0,0
https://breather.com/locations/san-francisco/55-new-mongtomery-324,san-francisco,USD,57.0,456.0,8.0,4.0,12.0,401.0,211.0,4.8,0,0,0,1,0,0,0,1,0,0,0,0,0,0,0,0,0,0,0,0,1,1,0,0,1,0,0,0,0,0,0,0,0,1,0,0,0,1,1,0,0,0
https://breather.com/locations/san-francisco/caltrain,san-francisco,USD,40.0,320.0,6.0,2.0,6.0,100.0,430.0,4.6,0,0,0,1,0,0,0,0,0,0,0,0,0,0,0,0,0,0,0,0,0,0,0,0,0,0,0,0,0,0,0,0,0,0,0,0,0,1,1,0,0,0
https://breather.com/locations/san-francisco/251-post-610,san-francisco,USD,144.0,1152.0,22.0,4.0,26.0,715.0,25.0,4.6,0,0,0,1,1,0,0,1,0,0,0,1,0,0,0,0,1,0,0,0,0,0,0,0,1,0,1,0,1,0,0,1,1,0,0,0,0,1,1,0,0,0
https://breather.com/locations/san-francisco/55-new-montgomery-319,san-francisco,USD,100.0,800.0,12.0,3.0,17.0,609.0,173.0,4.7,0,0,0,0,1,0,0,1,0,0,0,0,0,0,0,0,0,0,0,0,0,1,0,0,1,0,0,0,0,0,0,0,0,1,0,0,0,1,1,0,0,0
https://breather.com/locations/san-francisco/49-geary-417,san-francisco,USD,182.0,1456.0,28.0,4.0,32.0,928.0,17.0,4.7,0,0,0,1,0,0,0,1,0,0,0,0,0,0,0,0,1,0,1,0,0,1,0,0,1,0,0,0,0,0,0,1,0,0,0,0,0,0,1,0,0,0
https://breather.com/locations/san-francisco/330-townsend-111,san-francisco,USD,43.0,344.0,6.0,3.0,9.0,264.0,145.0,4.7,0,0,0,1,0,0,0,0,0,0,0,0,0,0,0,0,0,0,0,0,0,0,0,0,0,0,0,0,0,0,0,0,0,0,0,0,0,1,1,0,0,0
https://breather.com/locations/san-francisco/381-bush-402,san-francisco,USD,47.0,376.0,8.0,3.0,11.0,400.0,568.0,4.6,0,0,0,1,0,0,0,1,0,0,0,0,0,0,0,0,0,0,0,0,0,1,0,0,1,0,0,0,0,0,0,0,0,0,0,0,0,1,1,0,0,0
https://breather.com/locations/san-francisco/55-new-montgomery-201,san-francisco,USD,80.0,640.0,8.0,4.0,12.0,380.0,144.0,4.6,1,0,0,1,1,0,0,1,0,0,0,1,0,0,0,1,1,0,1,0,0,1,0,0,1,0,0,0,0,0,0,1,1,0,0,0,0,1,1,0,0,0
https://breather.com/locations/san-francisco/350-townsend-320,san-francisco,USD,134.0,1072.0,20.0,9.0,29.0,750.0,79.0,4.5,1,0,1,1,1,0,0,0,0,0,0,1,0,0,0,0,1,0,0,0,0,0,0,0,1,0,0,0,1,0,0,1,1,0,0,0,0,1,1,0,0,0
https://breather.com/locations/san-francisco/381-bush-504,san-francisco,USD,44.0,352.0,6.0,2.0,8.0,400.0,130.0,4.7,0,0,0,1,0,0,0,1,0,0,0,0,0,0,0,0,0,0,0,0,0,1,0,0,1,0,0,0,0,0,0,0,0,0,0,0,0,1,1,0,0,0
https://breather.com/locations/san-francisco/564-market-301,san-francisco,USD,54.0,432.0,8.0,2.0,8.0,298.0,57.0,4.8,0,0,0,1,0,0,0,1,0,0,0,0,0,0,0,0,1,0,0,0,0,0,0,0,1,0,0,0,0,0,0,1,1,0,0,0,0,0,1,0,0,0
https://breather.com/locations/san-francisco/225-bush,san-francisco,USD,71.0,568.0,12.0,0.0,12.0,425.0,690.0,4.7,1,0,0,1,0,0,0,1,0,0,0,1,0,0,0,0,1,0,1,0,0,1,0,0,1,0,0,0,0,0,0,1,1,0,0,0,0,1,1,0,0,0
https://breather.com/locations/san-francisco/575-market-2075,san-francisco,USD,124.0,992.0,14.0,4.0,18.0,550.0,83.0,4.9,1,0,1,1,0,0,0,1,0,0,0,1,0,0,0,0,1,0,1,0,0,1,0,0,1,1,0,0,0,0,0,0,1,0,0,0,0,1,1,0,0,0
https://breather.com/locations/san-francisco/594-howard-400-1,san-francisco,USD,81.0,648.0,8.0,4.0,12.0,380.0,111.0,4.6,0,0,0,1,0,0,0,1,0,0,0,1,0,0,0,0,1,0,0,0,0,1,0,0,1,0,0,0,0,0,0,1,1,0,0,0,0,1,1,0,0,0
https://breather.com/locations/san-francisco/south-park,san-francisco,USD,71.0,568.0,10.0,4.0,15.0,476.0,549.0,4.7,0,0,0,1,1,0,0,1,0,0,0,1,0,0,0,1,1,0,0,0,0,0,0,0,1,0,0,0,0,0,0,1,1,0,0,0,0,1,1,0,0,0
https://breather.com/locations/san-francisco/594-howard-3,san-francisco,USD,232.0,1856.0,30.0,4.0,49.0,1302.0,102.0,4.6,1,0,1,1,0,0,0,1,0,1,0,0,0,0,0,1,1,0,0,0,1,1,0,0,1,0,0,0,1,0,0,1,1,0,0,0,0,0,1,0,0,0
https://breather.com/locations/san-francisco/94-natoma-2nd-floor,san-francisco,USD,228.0,1824.0,31.0,6.0,40.0,1422.0,39.0,4.7,0,0,0,0,0,0,0,1,1,1,0,1,0,0,0,1,1,0,0,0,1,1,0,0,1,0,0,0,0,0,0,1,1,0,0,0,0,1,1,0,0,0
https://breather.com/locations/san-francisco/594-howard-2,san-francisco,USD,191.0,1528.0,20.0,4.0,24.0,896.0,156.0,4.6,1,0,1,1,0,0,0,1,0,0,0,1,0,0,0,1,1,0,0,0,1,1,0,0,1,0,0,0,0,0,0,1,1,0,0,0,0,0,1,0,0,0
https://breather.com/locations/san-francisco/114-sansome-250,san-francisco,USD,62.0,496.0,6.0,3.0,9.0,275.0,206.0,4.7,1,0,0,1,0,0,0,1,0,1,0,1,0,0,0,0,1,0,1,0,0,0,0,0,1,0,0,0,0,0,0,1,1,0,0,0,0,1,1,0,0,0
https://breather.com/locations/san-francisco/45-belden-place-201,san-francisco,USD,150.0,1200.0,20.0,4.0,20.0,1100.0,43.0,4.6,0,0,0,1,1,0,0,1,0,1,0,1,0,0,0,0,1,0,0,0,1,0,0,0,1,0,0,0,0,0,0,1,1,0,0,0,0,1,1,0,0,0
https://breather.com/locations/san-francisco/564-market-300,san-francisco,USD,301.0,2408.0,36.0,7.0,49.0,1356.0,30.0,4.6,0,0,0,1,0,0,0,0,0,1,0,1,0,0,0,0,1,0,0,0,1,1,0,0,1,0,0,0,0,0,0,1,0,0,0,0,0,1,1,0,0,0
https://breather.com/locations/san-francisco/225-bush-357,san-francisco,USD,134.0,1072.0,24.0,3.0,27.0,798.0,16.0,4.8,1,1,0,1,0,0,0,1,0,0,0,1,0,0,0,0,1,0,1,0,0,0,0,1,1,0,0,0,0,0,0,1,1,0,0,0,0,0,1,0,0,0
https://breather.com/locations/san-francisco/465-california-449,san-francisco,USD,48.0,384.0,4.0,2.0,4.0,250.0,337.0,4.6,1,0,0,1,1,0,0,1,0,0,0,0,0,0,0,0,0,0,1,0,0,1,0,0,1,1,0,0,0,0,0,0,0,0,0,0,0,1,1,0,0,0
https://breather.com/locations/san-francisco/465-california-433,san-francisco,USD,64.0,512.0,6.0,4.0,10.0,450.0,288.0,4.5,0,0,0,1,1,0,0,1,0,0,0,1,0,0,0,0,1,0,1,0,0,0,0,0,1,1,0,0,0,0,0,1,1,0,0,0,0,1,1,0,0,0
https://breather.com/locations/san-francisco/465-california-1290,san-francisco,USD,150.0,1200.0,16.0,3.0,30.0,820.0,103.0,4.5,0,0,0,1,1,0,0,1,0,0,0,1,0,0,0,0,1,0,1,0,1,1,0,0,1,1,0,0,0,0,0,1,1,0,0,0,0,1,1,0,0,0
https://breather.com/locations/san-francisco/465-california-310,san-francisco,USD,150.0,1200.0,20.0,4.0,30.0,905.0,48.0,4.6,0,0,0,1,1,0,0,1,0,1,0,0,0,0,0,0,0,0,1,0,1,1,0,0,1,1,0,0,0,0,0,0,0,0,0,0,0,1,1,0,0,0
https://breather.com/locations/san-francisco/32-federal,san-francisco,USD,108.0,864.0,15.0,5.0,25.0,623.0,47.0,4.7,0,0,0,0,1,0,0,0,1,0,0,0,0,0,0,0,1,0,0,0,0,1,0,0,1,0,1,0,0,0,0,1,0,0,0,0,0,1,1,0,0,0
https://breather.com/locations/san-francisco/51-federal-207,san-francisco,USD,157.0,1256.0,24.0,8.0,49.0,1200.0,20.0,4.5,0,0,0,1,0,0,0,1,0,0,0,1,0,0,0,0,1,0,0,0,1,1,0,0,1,0,0,0,0,0,0,1,1,0,0,0,0,0,1,0,0,0
https://breather.com/locations/san-francisco/138-columbus,san-francisco,USD,150.0,1200.0,23.0,5.0,28.0,1000.0,94.0,4.5,1,0,0,1,1,0,0,0,1,1,0,1,0,0,0,0,1,1,0,0,1,1,0,0,0,0,0,0,0,0,0,1,0,0,0,0,0,1,1,0,0,0
https://breather.com/locations/san-francisco/225-front,san-francisco,USD,185.0,1480.0,26.0,4.0,30.0,1072.0,16.0,4.6,1,0,0,1,1,0,0,0,1,1,0,0,0,0,0,0,1,1,0,0,1,1,0,0,1,0,0,0,0,0,0,1,1,0,0,0,0,0,1,0,0,0
https://breather.com/locations/san-francisco/230-california-508,san-francisco,USD,197.0,1576.0,24.0,4.0,30.0,1200.0,11.0,4.5,0,0,0,1,0,0,0,1,0,1,0,0,0,0,0,0,1,0,0,0,1,1,0,0,1,0,0,0,0,0,0,1,1,0,0,0,1,0,1,0,0,0
https://breather.com/locations/san-francisco/1611-telegraph-1030,san-francisco,USD,71.0,568.0,12.0,3.0,15.0,515.0,40.0,4.8,0,0,1,1,0,0,0,1,0,0,0,1,0,0,0,1,1,0,1,0,0,1,0,0,1,0,0,0,0,0,0,1,1,0,0,0,0,1,1,0,0,0
https://breather.com/locations/san-francisco/1611-telegraph-920,san-francisco,USD,71.0,568.0,12.0,3.0,15.0,535.0,26.0,4.5,0,0,1,1,0,0,0,1,0,0,0,1,0,0,0,1,1,0,1,0,0,0,0,0,0,0,0,0,0,0,0,0,1,0,0,0,0,1,1,1,0,0
https://breather.com/locations/new-york/20-w-20-605,new-york,USD,91.0,728.0,10.0,4.0,14.0,550.0,87.0,4.9,1,0,0,1,0,0,0,1,0,0,0,0,0,0,0,0,1,0,0,0,0,1,0,0,1,0,0,0,0,0,0,1,1,0,0,0,0,0,1,0,0,0
https://breather.com/locations/new-york/183-madison-ave,new-york,USD,76.0,608.0,10.0,4.0,14.0,550.0,76.0,4.7,1,0,0,1,0,0,0,1,0,0,0,1,0,0,0,0,1,0,0,0,0,0,0,0,1,1,0,0,0,0,0,1,1,0,0,0,0,1,1,0,0,0
https://breather.com/locations/new-york/51-wooster-st,new-york,USD,99.0,792.0,11.0,3.0,15.0,485.0,193.0,4.7,1,0,0,1,0,0,0,0,0,0,0,1,0,0,0,0,1,0,0,0,0,1,0,0,1,0,0,0,0,0,0,1,1,0,0,0,0,1,1,0,0,0
https://breather.com/locations/new-york/2-w-45-1401-a,new-york,USD,79.0,632.0,10.0,3.0,13.0,530.0,187.0,4.6,1,0,0,1,1,0,0,1,0,0,0,0,0,0,0,0,1,0,1,0,0,1,0,0,1,0,0,0,0,0,0,1,1,0,0,0,0,0,1,0,0,0
https://breather.com/locations/new-york/16court711-2,new-york,USD,45.0,360.0,10.0,1.0,10.0,300.0,122.0,4.7,1,0,0,1,0,0,0,1,0,0,0,1,0,0,0,1,1,0,1,0,0,1,0,0,1,1,0,0,0,0,0,1,1,0,1,0,0,1,1,0,0,0
https://breather.com/locations/new-york/44-court-908,new-york,USD,48.0,384.0,8.0,3.0,10.0,315.0,380.0,4.7,0,0,0,1,0,0,0,1,0,0,0,0,0,0,0,0,0,0,1,0,0,1,0,0,1,0,0,0,0,0,0,0,0,0,0,0,0,1,1,0,0,0
https://breather.com/locations/new-york/138-wooster-3,new-york,USD,154.0,1232.0,12.0,4.0,16.0,777.0,166.0,4.8,1,0,1,1,0,0,0,0,0,0,0,1,0,0,0,0,0,0,0,0,1,1,0,0,1,0,0,0,1,0,0,0,0,1,1,0,0,1,1,0,0,0
https://breather.com/locations/new-york/1384-broadway,new-york,USD,70.0,560.0,8.0,3.0,11.0,450.0,270.0,4.7,1,0,1,1,0,0,0,1,0,0,0,1,0,0,0,0,0,0,0,0,0,1,0,0,1,0,0,0,0,0,0,0,0,0,0,0,0,1,1,0,0,0
https://breather.com/locations/new-york/27-w-24-700a,new-york,USD,78.0,624.0,8.0,2.0,10.0,291.0,916.0,4.7,1,0,0,1,1,0,0,1,0,0,0,0,0,0,0,0,0,0,0,0,0,0,0,0,1,0,0,0,0,0,0,0,0,0,0,0,0,1,1,0,0,0
https://breather.com/locations/new-york/washington-square-4,new-york,USD,58.0,464.0,8.0,3.0,11.0,316.0,832.0,4.7,1,0,0,1,0,0,0,0,0,0,0,0,0,0,0,0,0,0,0,0,0,1,0,0,1,0,0,0,0,0,0,0,0,0,1,0,0,1,1,0,0,0
https://breather.com/locations/new-york/55-w-19-1,new-york,USD,103.0,824.0,8.0,4.0,10.0,288.0,841.0,4.7,0,0,0,1,0,0,0,1,0,0,0,1,0,0,0,0,1,0,0,0,0,0,0,0,1,0,0,0,0,0,0,1,1,0,1,0,0,1,1,0,0,0
https://breather.com/locations/new-york/122-hudson-1-5-1,new-york,USD,128.0,1024.0,16.0,4.0,20.0,591.0,48.0,5.0,1,0,0,1,0,0,0,1,0,0,0,0,0,0,0,1,1,0,0,0,0,1,0,0,1,0,0,0,0,0,0,1,1,0,0,0,0,0,1,0,0,0
https://breather.com/locations/new-york/138-wooster-2,new-york,USD,61.0,488.0,8.0,3.0,11.0,270.0,209.0,4.7,1,0,1,1,0,0,0,0,0,0,0,1,0,0,0,0,0,0,0,0,0,1,0,0,1,0,0,0,1,0,0,0,0,1,1,0,0,1,1,0,0,0
https://breather.com/locations/new-york/44court911,new-york,USD,38.0,304.0,4.0,3.0,6.0,252.0,621.0,4.8,1,0,0,1,0,0,0,1,0,0,0,0,0,0,0,0,0,0,1,0,0,1,0,0,1,0,0,0,0,0,0,0,0,0,0,0,0,1,1,0,0,0
https://breather.com/locations/new-york/608-5th-809,new-york,USD,94.0,752.0,10.0,3.0,13.0,624.0,81.0,4.6,1,0,0,1,0,0,0,1,0,1,0,0,0,0,0,0,1,0,1,0,1,1,0,0,1,0,0,0,0,0,0,1,1,0,0,0,0,0,1,0,0,0
https://breather.com/locations/new-york/37-e-28-1,new-york,USD,91.0,728.0,12.0,3.0,15.0,501.0,264.0,4.7,1,0,1,1,0,0,0,1,0,0,0,1,0,0,0,0,0,0,0,0,0,1,0,0,1,0,0,0,0,0,0,0,0,0,0,0,0,1,1,1,0,0
https://breather.com/locations/new-york/347-5th-ave-605,new-york,USD,64.0,512.0,8.0,3.0,11.0,350.0,183.0,4.7,1,0,0,1,0,0,0,1,0,0,0,0,0,0,0,0,0,0,1,0,0,1,0,0,1,0,0,0,0,0,0,0,0,0,0,0,0,1,1,0,0,0
https://breather.com/locations/new-york/336-w-37-320,new-york,USD,95.0,760.0,12.0,5.0,17.0,645.0,204.0,4.7,1,0,1,1,0,0,0,1,0,0,0,1,0,0,0,0,0,0,0,0,1,1,0,0,1,0,0,0,0,0,0,0,0,0,1,0,0,1,1,1,0,0
https://breather.com/locations/new-york/16court711-1,new-york,USD,54.0,432.0,8.0,2.0,10.0,280.0,94.0,4.7,1,0,0,1,0,0,0,1,0,0,0,1,0,0,0,1,1,0,1,0,0,1,0,0,1,1,0,0,0,0,0,1,1,0,1,0,0,1,1,0,0,0
https://breather.com/locations/new-york/853-broadway-1211-1,new-york,USD,81.0,648.0,8.0,3.0,11.0,374.0,166.0,4.7,1,0,0,1,0,0,0,1,0,0,0,1,0,0,0,1,1,0,0,0,0,1,0,0,1,0,0,0,0,0,0,1,1,1,0,0,0,1,1,0,0,0
https://breather.com/locations/new-york/601-w-26th,new-york,USD,90.0,720.0,6.0,4.0,8.0,254.0,548.0,4.8,1,0,0,1,1,0,0,0,0,0,0,0,0,0,0,1,0,0,0,0,0,0,0,0,1,1,0,0,0,0,0,0,0,0,0,0,0,1,1,0,0,0
https://breather.com/locations/new-york/1407-broadway-2321,new-york,USD,67.0,536.0,8.0,2.0,10.0,400.0,99.0,4.7,1,0,0,1,0,0,0,1,0,0,0,1,0,0,0,1,1,0,0,0,0,0,0,0,1,0,0,0,0,0,0,1,1,0,0,0,0,1,1,0,0,0
https://breather.com/locations/new-york/138-wooster-1,new-york,USD,80.0,640.0,5.0,4.0,10.0,288.0,293.0,4.8,1,0,1,1,0,0,0,0,0,0,0,1,0,0,0,0,0,0,0,0,0,0,0,0,1,0,0,0,0,0,0,0,0,1,1,0,0,1,1,0,0,0
https://breather.com/locations/new-york/601-w-26-m201,new-york,USD,121.0,968.0,12.0,6.0,18.0,645.0,247.0,4.6,1,0,1,1,0,0,0,1,0,0,0,1,0,0,0,0,0,0,1,0,0,1,0,0,1,1,0,0,0,0,0,0,0,0,0,0,0,0,1,1,0,0
https://breather.com/locations/new-york/853-broadway-2,new-york,USD,53.0,424.0,3.0,2.0,5.0,103.0,1257.0,4.8,1,0,0,1,0,0,0,1,0,0,0,0,0,0,0,1,0,0,0,0,0,0,0,0,1,0,0,0,0,0,0,0,0,1,0,0,0,1,1,0,0,0
https://breather.com/locations/new-york/135-bowery-1,new-york,USD,81.0,648.0,8.0,4.0,12.0,345.0,194.0,4.7,1,0,1,1,0,0,0,1,0,0,0,1,0,0,0,1,1,0,0,0,0,1,0,0,1,0,0,0,0,0,0,0,0,0,1,0,0,1,1,0,0,0
https://breather.com/locations/new-york/594-broadway-1206,new-york,USD,70.0,560.0,6.0,4.0,10.0,422.0,169.0,4.8,1,0,0,1,0,0,0,1,0,0,0,1,0,0,0,0,1,0,1,0,0,1,0,0,1,0,0,0,0,0,0,1,1,0,0,0,0,0,1,0,0,0
https://breather.com/locations/new-york/336-w-37-1510-2,new-york,USD,51.0,408.0,8.0,3.0,13.0,295.0,391.0,4.6,1,0,0,1,0,0,0,1,0,0,0,0,0,0,0,0,0,0,0,0,0,1,0,0,1,0,0,0,0,0,0,0,0,0,1,0,0,1,1,0,0,0
https://breather.com/locations/new-york/200-varick,new-york,USD,110.0,880.0,14.0,4.0,18.0,710.0,84.0,4.8,1,0,0,1,0,0,0,1,0,0,0,0,0,0,0,0,1,0,1,0,0,0,0,0,1,1,0,0,0,0,0,1,1,0,0,0,0,0,1,0,0,0
https://breather.com/locations/new-york/150w28405,new-york,USD,67.0,536.0,12.0,2.0,14.0,400.0,229.0,4.6,1,0,0,1,0,0,0,1,0,0,0,1,0,0,0,0,1,0,0,0,0,0,0,0,1,0,0,0,0,0,0,1,1,0,1,0,0,0,1,0,0,0
https://breather.com/locations/new-york/347-5th-1103,new-york,USD,112.0,896.0,12.0,3.0,15.0,480.0,185.0,4.6,1,0,1,1,0,0,0,1,0,0,0,1,0,0,0,1,0,0,1,0,0,0,0,0,1,0,0,0,0,0,0,0,0,0,0,0,0,1,1,0,0,0
https://breather.com/locations/new-york/45-w-28,new-york,USD,200.0,1600.0,12.0,5.0,23.0,1050.0,64.0,4.7,1,0,0,0,0,0,0,0,1,1,0,0,0,0,0,0,1,0,0,0,0,0,0,0,1,0,0,0,0,0,0,1,1,0,1,0,0,1,1,0,0,0
https://breather.com/locations/new-york/580-broadway-710,new-york,USD,71.0,568.0,8.0,5.0,12.0,500.0,182.0,4.6,1,0,0,1,0,0,0,1,0,0,0,0,0,0,0,0,0,0,0,0,0,1,0,0,1,0,0,0,0,0,0,0,0,0,0,0,0,1,1,0,0,0
https://breather.com/locations/new-york/37-w-57-1102,new-york,USD,166.0,1328.0,24.0,2.0,26.0,870.0,31.0,4.9,1,0,0,1,1,0,0,1,0,1,0,0,0,0,0,0,1,0,1,0,1,1,0,0,1,0,0,0,0,0,0,1,1,0,0,0,0,0,1,0,0,0
https://breather.com/locations/new-york/26broadway9633,new-york,USD,65.0,520.0,8.0,3.0,10.0,413.0,65.0,4.7,1,0,0,1,0,0,0,1,0,0,0,0,0,0,0,0,0,0,1,0,0,1,0,0,1,0,0,0,0,0,0,0,0,0,0,0,0,1,1,0,0,0
https://breather.com/locations/new-york/37-e-28-3,new-york,USD,59.0,472.0,8.0,3.0,10.0,405.0,335.0,4.5,1,0,1,1,0,0,0,1,0,0,0,1,0,0,0,1,0,0,0,0,0,1,0,0,1,0,0,0,0,0,0,0,0,0,0,0,0,1,1,0,0,0
https://breather.com/locations/new-york/853broadway1220,new-york,USD,95.0,760.0,12.0,3.0,15.0,567.0,226.0,4.5,1,0,1,1,0,0,0,1,0,0,0,1,0,0,0,1,0,0,1,0,0,1,0,0,1,0,0,0,0,0,0,0,0,0,1,0,0,1,1,0,0,0
https://breather.com/locations/new-york/648-broadway-907,new-york,USD,42.0,336.0,6.0,1.0,7.0,165.0,262.0,4.7,1,0,0,1,0,0,0,1,0,0,0,0,0,0,0,0,0,0,0,0,0,1,0,0,1,0,0,0,0,0,0,0,0,0,0,0,0,1,1,0,0,0
https://breather.com/locations/new-york/369-lex-22-2,new-york,USD,180.0,1440.0,16.0,4.0,20.0,905.0,31.0,4.9,1,0,0,1,0,0,0,1,0,1,0,0,0,0,0,1,1,0,1,0,1,1,0,0,1,1,0,0,0,0,0,1,1,0,0,0,0,1,1,0,0,0
https://breather.com/locations/new-york/135-bowery-2,new-york,USD,59.0,472.0,4.0,3.0,6.0,215.0,268.0,4.7,1,0,0,1,0,0,0,1,0,0,0,0,0,0,0,0,0,0,0,0,0,1,0,0,1,0,0,0,0,0,0,0,0,0,1,0,0,1,1,0,0,0
https://breather.com/locations/new-york/37-e-28-4,new-york,USD,225.0,1800.0,36.0,6.0,42.0,1305.0,36.0,4.9,1,0,0,0,0,0,0,1,1,1,0,0,0,0,0,0,0,0,0,0,1,1,0,0,1,0,1,1,0,0,0,0,0,0,0,0,0,0,1,1,0,0
https://breather.com/locations/new-york/853-broadway-1,new-york,USD,56.0,448.0,3.0,2.0,5.0,110.0,1311.0,4.7,1,0,0,1,0,0,0,1,0,0,0,0,0,0,0,1,0,0,0,0,0,0,0,0,1,0,0,0,0,0,0,0,0,1,0,0,0,1,1,0,0,0
https://breather.com/locations/new-york/211-e-43-3,new-york,USD,71.0,568.0,8.0,2.0,10.0,287.0,70.0,4.6,1,0,0,1,1,0,0,1,0,0,0,0,0,0,0,0,1,0,1,0,0,1,0,0,1,0,0,0,0,0,0,1,1,0,0,0,0,0,1,0,0,0
https://breather.com/locations/new-york/2-w-45-1401-b,new-york,USD,88.0,704.0,8.0,4.0,12.0,554.0,117.0,4.5,1,0,0,1,1,0,0,1,0,0,0,0,0,0,0,0,1,0,1,0,0,1,0,0,1,0,0,0,0,0,0,1,1,0,0,0,0,0,1,0,0,0
https://breather.com/locations/new-york/55-w-19-3,new-york,USD,76.0,608.0,6.0,4.0,10.0,307.0,611.0,4.6,0,0,1,1,0,0,0,1,0,0,0,1,0,0,0,0,0,0,0,0,0,0,0,0,1,0,0,0,0,0,0,0,0,0,1,0,0,0,1,0,0,0
https://breather.com/locations/new-york/915-broadway-803-3,new-york,USD,165.0,1320.0,12.0,3.0,15.0,551.0,37.0,4.7,1,0,0,1,0,0,0,1,0,0,0,0,0,0,0,0,1,1,1,0,1,0,0,0,1,1,0,0,0,0,0,1,1,1,0,0,0,0,1,0,0,0
https://breather.com/locations/new-york/washington-square-1,new-york,USD,48.0,384.0,6.0,3.0,9.0,247.0,1100.0,4.6,1,0,0,1,0,0,0,0,0,0,0,0,0,0,0,0,0,0,0,0,0,1,0,0,1,0,0,0,0,0,0,0,0,0,1,0,0,1,1,0,0,0
https://breather.com/locations/new-york/86-chambers-st,new-york,USD,182.0,1456.0,28.0,6.0,34.0,1030.0,118.0,4.8,0,0,0,1,1,0,0,1,0,0,0,0,0,0,0,0,1,0,1,0,1,1,0,0,1,0,0,0,0,0,0,1,1,0,1,0,0,0,1,0,0,0
https://breather.com/locations/new-york/5765th405,new-york,USD,112.0,896.0,12.0,2.0,14.0,420.0,104.0,4.5,1,0,1,1,0,0,0,1,0,0,0,1,0,0,0,0,0,0,1,0,0,1,0,0,1,0,0,0,0,0,0,0,0,0,1,0,0,1,1,1,0,0
https://breather.com/locations/new-york/401-broadway-1106,new-york,USD,92.0,736.0,14.0,3.0,17.0,555.0,66.0,4.8,1,0,0,1,0,0,0,1,0,0,0,0,0,0,0,0,1,0,1,0,1,1,0,0,1,0,0,0,0,0,0,1,1,0,0,0,0,0,1,0,0,0
https://breather.com/locations/new-york/150-w-28-1703,new-york,USD,120.0,960.0,18.0,4.0,22.0,820.0,86.0,4.8,1,0,0,1,0,0,0,1,0,1,0,0,0,0,0,0,1,0,0,0,1,0,0,0,1,0,0,0,0,0,0,1,1,0,0,0,0,0,1,0,0,0
https://breather.com/locations/new-york/11-howard,new-york,USD,125.0,1000.0,12.0,4.0,16.0,600.0,29.0,4.7,1,0,0,1,0,0,0,0,0,0,0,0,0,0,0,0,1,0,1,0,0,0,0,0,0,0,0,0,0,0,0,1,0,0,0,0,0,0,1,0,0,0
https://breather.com/locations/new-york/washington-square-5,new-york,USD,47.0,376.0,6.0,3.0,10.0,245.0,1103.0,4.6,1,0,0,1,0,0,0,0,0,0,0,0,0,0,0,0,0,0,0,0,0,1,0,0,1,0,0,0,0,0,0,0,0,0,1,0,0,1,1,0,0,0
https://breather.com/locations/new-york/1123-broadway-304,new-york,USD,51.0,408.0,6.0,2.0,8.0,255.0,115.0,4.7,1,0,0,1,1,0,0,1,0,0,0,0,0,0,0,0,1,0,1,0,0,1,0,0,1,0,0,0,0,0,0,1,1,0,0,0,0,0,1,0,0,0
https://breather.com/locations/new-york/122-hudson-1-5-2,new-york,USD,186.0,1488.0,24.0,8.0,32.0,1061.0,38.0,4.8,1,0,0,1,0,0,0,1,0,0,0,0,0,0,0,1,1,0,0,0,1,1,0,0,1,0,0,0,0,0,0,1,1,0,0,0,0,0,1,0,0,0
https://breather.com/locations/new-york/26broadway9631,new-york,USD,68.0,544.0,12.0,5.0,16.0,485.0,65.0,4.6,1,0,1,1,0,0,0,1,0,0,0,1,0,0,0,0,1,0,1,0,0,1,0,0,1,0,0,0,0,0,0,0,0,0,0,0,0,0,1,0,0,0
https://breather.com/locations/new-york/washington-square-2,new-york,USD,30.0,240.0,4.0,3.0,6.0,218.0,2068.0,4.6,1,0,0,1,0,0,0,0,0,0,0,0,0,0,0,0,0,0,0,0,0,1,0,0,1,0,0,0,0,0,0,0,0,0,1,0,0,1,1,0,0,0
https://breather.com/locations/new-york/594-broadway-1106,new-york,USD,300.0,2400.0,36.0,5.0,41.0,1340.0,64.0,4.8,1,0,0,1,0,0,0,1,0,1,0,1,0,0,0,1,0,0,1,0,1,1,0,0,1,0,0,0,0,0,0,0,0,0,0,0,0,0,1,1,0,0
https://breather.com/locations/new-york/greene-1111,new-york,USD,49.0,392.0,2.0,1.0,3.0,120.0,595.0,4.7,1,0,0,1,0,0,0,1,0,0,0,0,0,0,0,1,0,0,1,0,0,0,0,0,1,0,0,0,0,0,0,0,0,0,0,0,0,1,1,0,0,0
https://breather.com/locations/new-york/211-e-43-1,new-york,USD,117.0,936.0,14.0,4.0,18.0,612.0,34.0,4.8,1,0,0,1,0,0,0,1,0,0,0,0,0,0,0,1,1,0,1,0,0,1,0,0,1,0,0,0,0,0,0,1,1,0,0,0,0,1,1,0,0,0
https://breather.com/locations/new-york/14-e-4-th-st,new-york,USD,162.0,1296.0,20.0,4.0,24.0,950.0,36.0,4.9,1,0,0,0,0,0,0,1,1,0,0,0,0,0,0,0,1,0,0,0,0,1,0,0,0,0,0,0,0,0,0,1,0,0,0,0,0,0,1,0,0,0
https://breather.com/locations/new-york/5765th307,new-york,USD,92.0,736.0,12.0,4.0,16.0,465.0,94.0,4.5,1,0,0,1,0,0,0,1,0,0,0,1,0,0,0,0,1,0,1,0,0,1,0,0,1,0,0,0,0,0,0,1,1,0,1,0,0,0,1,0,0,0
https://breather.com/locations/new-york/54-w-21-601-1,new-york,USD,80.0,640.0,10.0,2.0,12.0,462.0,37.0,4.4,1,0,0,1,0,0,0,1,0,0,0,0,0,0,0,0,1,0,0,0,0,0,0,0,1,0,0,0,0,0,0,1,1,0,0,0,0,0,1,0,0,0
https://breather.com/locations/new-york/168-canal-3,new-york,USD,58.0,464.0,10.0,0.0,10.0,312.0,53.0,4.3,1,0,0,1,1,0,0,1,0,0,0,0,0,0,0,1,1,0,0,0,0,0,0,0,1,0,0,0,0,0,0,1,1,0,1,0,0,0,1,0,0,0
https://breather.com/locations/new-york/580-broadway,new-york,USD,43.0,344.0,6.0,3.0,9.0,280.0,1408.0,4.6,1,0,0,1,0,0,0,0,0,0,0,0,0,0,0,0,0,0,0,0,0,0,0,0,0,0,0,0,0,0,0,0,0,0,0,0,0,1,1,0,0,0
https://breather.com/locations/new-york/135-west-29th-street,new-york,USD,45.0,360.0,6.0,3.0,10.0,240.0,668.0,4.6,1,0,0,1,1,0,0,1,0,0,0,1,0,0,0,0,1,0,0,0,0,0,0,0,1,0,0,0,0,0,0,1,0,0,0,0,0,1,1,0,0,0
https://breather.com/locations/new-york/336-w-37-1510-1,new-york,USD,56.0,448.0,6.0,3.0,9.0,320.0,409.0,4.6,1,0,0,1,0,0,0,1,0,0,0,0,0,0,0,0,0,0,0,0,0,1,0,0,1,0,0,0,0,0,0,0,0,0,1,0,0,1,1,0,0,0
https://breather.com/locations/new-york/9e53-1,new-york,USD,128.0,1024.0,14.0,6.0,20.0,700.0,167.0,4.6,1,0,0,1,1,0,0,1,0,0,0,1,0,1,0,1,0,0,0,0,0,1,0,0,1,0,0,0,0,0,0,0,0,1,1,0,0,0,1,1,0,0
https://breather.com/locations/new-york/flatiron,new-york,USD,40.0,320.0,6.0,2.0,8.0,180.0,1382.0,4.6,1,0,0,1,0,0,0,1,0,0,0,0,0,0,0,1,0,0,0,0,0,0,0,0,1,0,0,0,0,0,0,0,0,0,0,0,0,0,1,0,0,0
https://breather.com/locations/new-york/135-w-29-1005,new-york,USD,130.0,1040.0,16.0,6.0,29.0,750.0,92.0,4.7,1,0,1,1,0,0,0,1,0,0,0,1,0,0,0,0,0,0,0,0,0,1,0,0,1,0,0,0,0,0,0,0,0,0,0,0,0,0,1,1,0,0
https://breather.com/locations/new-york/276-fifth-d,new-york,USD,45.0,360.0,6.0,3.0,6.0,200.0,218.0,4.6,0,0,0,1,0,0,0,1,0,0,0,0,0,0,0,0,0,0,1,0,0,1,0,0,1,0,0,0,0,0,0,0,0,0,0,0,0,1,1,0,0,0
https://breather.com/locations/new-york/431-broome-street,new-york,USD,39.0,312.0,8.0,0.0,8.0,150.0,197.0,4.4,1,0,0,1,0,0,0,0,0,0,0,0,0,0,0,0,0,0,0,0,0,0,0,0,0,0,0,0,0,0,0,0,0,0,0,0,0,0,1,0,0,0
https://breather.com/locations/new-york/156-5th-2,new-york,USD,90.0,720.0,8.0,3.0,11.0,350.0,40.0,4.6,1,0,1,1,1,0,0,1,0,0,0,1,0,0,0,1,1,0,1,0,0,0,0,0,1,0,0,0,0,0,0,0,0,0,0,0,0,0,1,0,0,0
https://breather.com/locations/new-york/156-5th-1,new-york,USD,81.0,648.0,7.0,3.0,11.0,350.0,75.0,4.6,1,0,1,1,1,0,0,1,0,0,0,1,0,0,0,1,1,0,1,0,0,0,0,0,1,0,0,0,0,0,0,0,0,0,0,0,0,1,1,0,0,0
https://breather.com/locations/new-york/153-w-27th-604,new-york,USD,187.0,1496.0,24.0,7.0,31.0,1053.0,128.0,4.7,1,0,0,1,0,0,0,1,0,0,0,0,0,0,0,0,1,0,0,0,0,1,0,0,1,0,0,0,0,0,0,1,1,0,1,0,0,0,1,0,0,0
https://breather.com/locations/new-york/5765th306,new-york,USD,70.0,560.0,12.0,3.0,15.0,405.0,85.0,4.4,1,0,0,1,0,0,0,1,0,0,0,0,0,0,0,0,0,0,1,0,0,1,0,0,1,0,0,0,0,0,0,0,0,0,1,0,0,0,1,0,0,0
https://breather.com/locations/new-york/washington-square-3,new-york,USD,35.0,280.0,4.0,3.0,6.0,245.0,1397.0,4.6,1,0,0,1,0,0,0,0,0,0,0,0,0,0,0,0,0,0,0,0,0,0,0,0,1,0,0,0,0,0,0,0,0,0,1,0,0,1,1,0,0,0
https://breather.com/locations/new-york/1123-broadway-312,new-york,USD,51.0,408.0,6.0,2.0,8.0,265.0,105.0,4.7,1,0,0,1,1,0,0,1,0,0,0,0,0,0,0,0,1,0,1,0,0,1,0,0,1,0,0,0,0,0,0,1,1,0,0,0,0,0,1,0,0,0
https://breather.com/locations/new-york/chambers-hotel,new-york,USD,100.0,800.0,10.0,0.0,12.0,300.0,33.0,4.0,1,0,0,1,0,0,0,1,0,0,0,0,0,0,0,0,1,0,0,0,0,0,1,0,1,0,0,0,0,0,0,1,0,0,0,0,0,1,1,0,0,0
https://breather.com/locations/new-york/1123-broadway-310,new-york,USD,49.0,392.0,2.0,4.0,6.0,255.0,179.0,4.6,1,0,0,1,1,0,0,1,0,0,0,0,0,0,0,0,1,0,1,0,0,1,0,0,1,0,0,0,0,0,0,1,1,0,0,0,0,0,1,0,0,0
https://breather.com/locations/new-york/295madisonsuite2,new-york,USD,49.0,392.0,4.0,2.0,6.0,135.0,389.0,4.6,1,0,0,1,0,0,0,1,0,0,0,0,0,0,0,0,0,0,1,0,0,1,0,0,1,1,0,0,0,0,0,0,0,0,0,0,0,1,1,0,0,0
https://breather.com/locations/new-york/648-broadway-1003,new-york,USD,54.0,432.0,6.0,1.0,6.0,205.0,186.0,4.6,1,0,0,1,0,0,0,0,0,0,0,0,0,0,0,0,0,0,0,0,0,1,0,0,1,0,0,0,0,0,0,0,0,0,0,0,0,1,1,0,0,0
https://breather.com/locations/new-york/347-5th-ave-707,new-york,USD,45.0,360.0,4.0,2.0,6.0,215.0,660.0,4.5,1,0,0,1,0,0,0,1,0,0,0,0,0,0,0,0,0,0,1,0,0,1,0,0,1,0,0,0,0,0,0,0,0,0,0,0,0,1,1,0,0,0
https://breather.com/locations/new-york/54-w-21-601-2,new-york,USD,165.0,1320.0,20.0,6.0,26.0,825.0,30.0,4.8,1,0,0,1,0,0,0,1,0,1,0,0,0,0,0,0,1,0,0,0,1,0,0,0,1,0,0,0,0,0,0,1,1,0,0,0,0,0,1,0,0,0
https://breather.com/locations/new-york/168-canal-2,new-york,USD,45.0,360.0,6.0,3.0,9.0,247.0,84.0,4.6,1,0,0,1,0,0,0,1,0,0,0,0,0,0,0,0,0,0,0,0,0,0,0,0,1,0,0,0,0,0,0,0,0,0,1,0,0,1,1,0,0,0
https://breather.com/locations/new-york/80-8th-ave,new-york,USD,98.0,784.0,12.0,0.0,20.0,445.0,48.0,4.4,1,0,1,1,1,0,0,1,0,1,0,0,0,0,0,1,1,0,1,0,0,0,0,0,1,0,0,0,0,0,0,1,0,0,0,0,0,0,1,0,0,0
https://breather.com/locations/new-york/211-e-43-2,new-york,USD,55.0,440.0,4.0,2.0,6.0,180.0,210.0,4.6,1,0,0,1,0,0,0,1,0,0,0,0,0,0,0,0,0,0,1,0,0,0,0,0,1,0,0,0,0,0,0,0,0,0,0,0,0,1,1,0,0,0
https://breather.com/locations/new-york/37-w-20-1207,new-york,USD,120.0,960.0,20.0,3.0,23.0,645.0,69.0,4.7,1,0,0,1,1,0,0,1,0,0,0,0,0,0,0,0,1,0,0,0,0,1,0,0,1,0,0,0,0,0,0,1,1,0,0,0,0,0,1,0,0,0
https://breather.com/locations/new-york/347-5th-ave-1006,new-york,USD,42.0,336.0,4.0,2.0,6.0,200.0,695.0,4.5,1,0,0,1,0,0,0,1,0,0,0,0,0,0,0,0,0,0,1,0,0,0,0,0,1,0,0,0,0,0,0,0,0,0,0,0,0,1,1,0,0,0
https://breather.com/locations/new-york/one-penn-plaza-3408,new-york,USD,79.0,632.0,12.0,2.0,14.0,375.0,50.0,4.4,1,0,0,1,1,0,0,1,0,0,0,1,0,0,0,1,1,0,1,0,0,1,0,0,1,1,0,0,0,0,0,1,1,0,0,0,0,0,1,0,0,0
https://breather.com/locations/new-york/58-e-11,new-york,USD,78.0,624.0,12.0,0.0,12.0,275.0,44.0,4.5,1,0,1,1,0,0,0,1,0,0,0,0,1,0,0,1,1,0,0,0,0,0,0,0,1,0,0,0,1,0,0,0,0,0,0,0,0,1,1,0,0,0
https://breather.com/locations/new-york/276-fifth-h,new-york,USD,43.0,344.0,4.0,2.0,4.0,100.0,279.0,4.5,1,0,0,1,0,0,0,1,0,0,0,0,0,0,0,0,0,0,1,0,0,1,0,0,1,0,0,0,0,0,0,0,0,0,0,0,0,1,0,0,0,0
https://breather.com/locations/new-york/55-west-19th-2,new-york,USD,46.0,368.0,4.0,3.0,7.0,226.0,1132.0,4.5,1,0,0,1,0,0,0,1,0,0,0,0,0,0,0,0,0,0,0,0,0,0,0,0,0,0,0,0,0,0,0,0,0,0,1,0,0,1,1,0,0,0
https://breather.com/locations/new-york/168-canal-1,new-york,USD,55.0,440.0,8.0,2.0,10.0,356.0,36.0,4.4,1,0,0,1,1,0,0,0,0,0,0,1,0,0,0,0,1,0,0,0,0,1,0,0,0,0,0,0,0,0,0,1,1,0,1,0,0,1,1,0,0,0
https://breather.com/locations/new-york/1239-broadway-819,new-york,USD,65.0,520.0,8.0,4.0,12.0,465.0,246.0,4.2,1,0,1,1,0,0,0,1,0,0,0,1,0,0,0,0,0,0,1,0,0,1,0,0,1,0,0,0,0,0,0,0,0,0,0,0,0,1,1,0,0,0
https://breather.com/locations/new-york/150-w-28-st-404,new-york,USD,150.0,1200.0,24.0,5.0,29.0,769.0,132.0,4.6,1,0,0,1,0,0,0,1,0,0,0,1,0,0,0,0,1,0,0,0,0,1,0,0,1,0,0,0,0,0,0,1,1,0,1,0,0,0,1,1,0,0
https://breather.com/locations/new-york/37-e-28-2,new-york,USD,55.0,440.0,6.0,3.0,8.0,305.0,613.0,4.4,1,0,0,1,0,0,0,0,0,0,0,0,0,0,0,0,0,0,0,0,0,0,0,0,1,0,0,0,0,0,0,0,0,0,0,0,0,1,1,0,0,0
https://breather.com/locations/new-york/853-broadway-1211-2,new-york,USD,137.0,1096.0,20.0,4.0,24.0,625.0,77.0,4.6,1,0,0,1,0,0,0,1,0,0,0,0,0,0,0,1,1,0,0,0,0,1,0,0,1,0,0,0,0,0,0,1,1,0,0,0,0,0,1,0,0,0
https://breather.com/locations/new-york/401-broadway-1108,new-york,USD,275.0,2200.0,36.0,10.0,46.0,1400.0,31.0,4.7,1,0,0,1,0,0,0,1,0,1,0,0,0,0,0,1,1,0,1,0,1,1,0,0,1,0,0,0,0,0,0,1,1,0,0,0,0,0,1,0,0,0
https://breather.com/locations/new-york/150-w-25-602,new-york,USD,156.0,1248.0,18.0,6.0,24.0,877.0,80.0,4.6,1,0,0,1,0,0,0,1,0,1,0,0,0,0,0,0,1,0,1,0,1,0,0,0,1,0,0,0,0,0,0,1,1,0,0,0,0,1,1,0,0,0
https://breather.com/locations/new-york/168-canal-4,new-york,USD,54.0,432.0,6.0,1.0,7.0,227.0,49.0,4.7,0,0,0,1,0,0,0,1,0,0,0,0,0,0,0,1,0,0,0,0,0,1,0,0,1,0,0,0,0,0,0,0,0,0,1,0,0,1,1,0,0,0
https://breather.com/locations/new-york/16court1018,new-york,USD,43.0,344.0,6.0,2.0,8.0,225.0,135.0,4.5,1,0,0,1,0,0,0,1,0,0,0,0,0,0,0,0,0,0,1,0,0,1,0,0,1,1,0,0,0,0,0,0,0,0,0,0,0,1,1,0,0,0
https://breather.com/locations/new-york/1407-broadway-3405,new-york,USD,95.0,760.0,14.0,4.0,18.0,700.0,55.0,4.6,1,0,0,1,0,0,0,1,0,0,0,0,0,0,0,1,1,0,0,0,0,1,0,0,1,0,0,0,0,0,0,1,1,0,0,0,0,0,1,0,0,0
https://breather.com/locations/new-york/1239-broadway-817,new-york,USD,31.0,248.0,4.0,3.0,6.0,252.0,1054.0,4.4,1,0,0,1,0,0,0,1,0,0,0,0,0,0,0,0,0,0,1,0,0,1,0,0,1,0,0,0,0,0,0,0,0,0,0,0,0,1,1,0,0,0
https://breather.com/locations/new-york/594-broadway-704,new-york,USD,123.0,984.0,18.0,4.0,20.0,695.0,88.0,4.6,0,0,0,1,0,0,0,1,0,0,0,1,0,0,0,0,1,0,1,0,0,1,0,0,1,0,0,0,0,0,0,1,1,0,0,0,0,1,1,0,0,0
https://breather.com/locations/new-york/213-w-35-609,new-york,USD,124.0,992.0,20.0,4.0,24.0,645.0,60.0,4.5,1,0,0,1,0,0,0,1,0,0,0,0,0,0,0,0,1,0,0,0,1,1,0,0,1,0,0,0,0,0,0,1,1,0,0,0,0,0,1,0,0,0
https://breather.com/locations/new-york/29-w-17-10,new-york,USD,275.0,2200.0,40.0,10.0,50.0,1775.0,31.0,4.7,1,0,0,0,0,0,0,1,1,1,0,0,0,0,0,0,1,0,0,0,1,1,0,0,1,0,0,0,0,0,0,1,1,0,0,0,0,0,1,1,0,0
https://breather.com/locations/new-york/875-washington-203,new-york,USD,204.0,1632.0,28.0,8.0,36.0,1125.0,42.0,4.7,1,0,0,1,1,0,0,1,0,0,0,0,0,0,0,1,1,0,0,0,0,1,0,0,1,0,0,0,0,0,0,1,1,0,0,0,0,0,1,0,0,0
https://breather.com/locations/new-york/11-e-44-300,new-york,USD,185.0,1480.0,24.0,8.0,32.0,966.0,55.0,4.6,1,0,0,1,0,0,0,1,0,1,0,0,0,0,0,1,1,0,1,0,1,1,0,0,1,1,0,0,0,0,0,1,1,0,0,0,0,0,1,1,0,0
https://breather.com/locations/new-york/2-w-46-1404,new-york,USD,160.0,1280.0,28.0,6.0,34.0,1053.0,54.0,4.5,1,0,0,1,0,0,0,1,0,1,0,0,0,0,0,1,1,0,1,0,0,1,0,0,1,0,0,0,0,0,0,1,1,0,0,0,0,0,0,0,0,0
https://breather.com/locations/new-york/915-broadway-803-1,new-york,USD,77.0,616.0,6.0,2.0,8.0,273.0,74.0,4.4,1,0,0,1,0,0,0,1,0,0,0,0,0,0,0,0,1,1,1,0,0,1,0,0,1,1,0,0,0,0,0,1,1,1,0,0,0,1,1,0,0,0
https://breather.com/locations/new-york/276-fifth-g,new-york,USD,46.0,368.0,4.0,3.0,4.0,135.0,587.0,4.3,1,0,0,1,0,0,0,0,0,0,0,0,0,0,0,0,0,0,0,0,0,0,0,0,1,0,0,0,0,0,0,0,0,0,0,0,0,1,1,0,0,0
https://breather.com/locations/new-york/26broadway9632,new-york,USD,97.0,776.0,18.0,3.0,20.0,635.0,57.0,4.5,1,0,1,1,0,0,0,1,0,0,0,1,0,0,0,0,1,0,1,0,0,1,0,0,1,0,0,0,0,0,0,1,1,0,1,0,0,1,1,0,0,0
https://breather.com/locations/new-york/108-w-39-900-1,new-york,USD,255.0,2040.0,40.0,12.0,52.0,2100.0,35.0,4.7,0,0,0,1,1,0,0,1,0,1,0,0,0,0,0,1,0,0,1,0,1,1,0,0,1,0,1,0,0,0,0,0,0,0,0,0,0,0,1,1,0,0
https://breather.com/locations/new-york/135-w-29-401,new-york,USD,154.0,1232.0,19.0,4.0,24.0,690.0,42.0,4.5,1,0,0,1,0,0,0,1,0,1,0,0,0,0,0,0,1,0,1,0,1,1,0,0,1,0,0,0,0,0,0,1,1,0,0,0,0,0,1,0,0,0
https://breather.com/locations/new-york/369-lex-22-1,new-york,USD,180.0,1440.0,18.0,2.0,20.0,820.0,25.0,4.7,1,0,0,1,0,0,0,1,0,1,0,0,0,0,0,0,1,0,0,0,1,1,0,0,1,1,0,0,0,0,0,1,1,0,0,0,0,1,1,0,0,0
https://breather.com/locations/new-york/55-broad-st-9,new-york,USD,108.0,864.0,12.0,3.0,15.0,542.0,,,1,0,0,1,1,0,0,1,0,0,0,0,0,0,0,0,1,0,1,0,0,0,0,0,1,0,0,0,0,0,0,1,1,0,0,0,0,0,1,0,0,0
https://breather.com/locations/new-york/163-charles,new-york,USD,300.0,2400.0,12.0,7.0,75.0,2242.0,,,1,0,0,0,0,0,0,0,1,0,0,0,0,0,0,1,1,0,0,0,0,1,0,0,1,0,0,0,0,0,0,1,1,0,0,0,0,0,1,0,0,0
https://breather.com/locations/new-york/108-w-39-900-2,new-york,USD,235.0,1880.0,36.0,7.0,43.0,1414.0,24.0,4.5,1,0,0,1,1,0,0,1,0,1,0,0,0,0,0,0,0,0,1,0,1,0,0,0,1,0,1,0,0,0,0,0,0,0,0,0,0,0,1,1,0,0
https://breather.com/locations/new-york/153-w-27-208,new-york,USD,100.0,800.0,22.0,5.0,27.0,740.0,49.0,4.3,1,0,1,0,0,0,0,1,0,0,0,0,0,0,0,0,1,0,0,0,0,1,0,0,1,0,0,0,0,0,0,0,1,0,0,0,0,0,1,0,0,0
https://breather.com/locations/new-york/215-park-ave-s-1912,new-york,USD,160.0,1280.0,16.0,4.0,20.0,760.0,37.0,4.3,1,0,0,1,0,0,0,1,0,0,0,0,0,0,0,1,1,0,1,0,0,1,0,0,1,0,0,0,0,0,0,1,1,0,0,0,0,0,1,0,0,0
https://breather.com/locations/new-york/220-5th-ave-3-303,new-york,USD,225.0,1800.0,28.0,4.0,30.0,1300.0,17.0,4.4,1,0,0,1,0,0,0,1,0,1,0,0,0,0,0,1,1,0,1,0,1,1,0,0,1,0,1,0,0,0,0,1,1,0,0,0,0,0,1,1,0,0
https://breather.com/locations/new-york/389-5th-ave-300,new-york,USD,185.0,1480.0,30.0,4.0,34.0,1036.0,20.0,4.3,1,0,0,1,0,0,0,1,0,0,0,0,0,0,0,0,1,0,1,0,0,0,0,0,1,0,0,0,0,0,0,1,1,0,0,0,0,0,1,0,0,0
https://breather.com/locations/new-york/100-crosby-502,new-york,USD,200.0,1600.0,45.0,0.0,45.0,1140.0,9.0,4.4,1,0,0,1,1,0,0,1,0,1,0,0,0,0,0,0,1,0,1,0,1,1,0,0,1,0,0,0,0,0,0,1,1,0,0,0,0,0,1,0,0,0
https://breather.com/locations/new-york/one-penn-plaza-1526,new-york,USD,134.0,1072.0,20.0,2.0,22.0,680.0,24.0,4.1,1,0,0,1,1,0,0,1,0,0,0,0,0,0,0,1,1,0,1,0,0,1,0,0,1,1,0,0,0,0,0,1,1,0,0,0,0,0,1,0,0,0
https://breather.com/locations/new-york/295madisonsuite1,new-york,USD,250.0,2000.0,32.0,4.0,36.0,1310.0,,,1,0,0,1,0,0,0,1,0,0,0,0,0,0,0,0,0,0,1,0,0,1,0,0,1,1,1,0,0,0,0,0,0,0,0,0,0,0,1,1,0,0
https://breather.com/locations/boston/24-school,boston,USD,69.0,552.0,10.0,3.0,12.0,360.0,49.0,4.8,1,0,0,1,1,0,0,1,0,0,0,0,0,0,0,0,0,0,1,0,0,1,0,0,1,1,0,0,0,0,0,0,0,0,0,0,0,1,1,0,0,0
https://breather.com/locations/boston/115-newbury-1,boston,USD,89.0,712.0,14.0,4.0,18.0,690.0,69.0,4.9,1,0,0,1,0,0,0,1,0,1,1,0,0,0,0,1,1,0,0,0,1,0,0,0,1,0,0,0,0,0,0,1,1,1,0,0,0,0,1,0,0,0
https://breather.com/locations/boston/313-congress-1,boston,USD,95.0,759.0,12.0,3.0,15.0,495.0,13.0,5.0,1,0,0,1,1,0,0,1,0,0,0,0,0,0,0,0,1,0,1,0,0,1,0,0,1,0,0,0,0,0,0,1,1,0,0,0,0,0,1,0,0,0
https://breather.com/locations/boston/87-wendell-2,boston,USD,102.0,816.0,12.0,3.0,15.0,800.0,40.0,4.8,1,0,0,1,0,0,0,0,0,0,0,0,0,0,0,0,1,0,0,0,0,0,0,0,1,0,0,0,1,0,0,1,0,0,0,0,0,0,1,0,0,0
https://breather.com/locations/boston/50-congress-541,boston,USD,59.0,472.0,8.0,2.0,10.0,240.0,156.0,4.6,1,0,0,1,0,0,0,1,0,0,0,0,0,0,0,0,0,0,1,0,0,0,0,0,1,0,0,0,0,0,0,0,0,0,0,0,0,1,1,0,0,0
https://breather.com/locations/boston/50-congress-1022,boston,USD,97.0,776.0,14.0,3.0,20.0,797.0,27.0,4.9,1,0,0,1,0,0,0,1,0,1,0,0,0,0,0,0,1,0,1,0,1,1,0,0,1,0,0,0,0,0,0,1,0,0,0,0,0,0,1,0,0,0
https://breather.com/locations/boston/33-broad,boston,USD,39.0,312.0,4.0,2.0,6.0,222.0,190.0,4.6,1,0,0,1,0,0,0,1,0,0,0,0,0,0,0,0,0,0,0,0,0,1,0,0,1,0,0,0,0,0,0,0,0,0,0,0,0,1,1,0,0,0
https://breather.com/locations/boston/115-newbury-3,boston,USD,79.0,632.0,12.0,2.0,14.0,525.0,30.0,4.6,1,0,0,1,0,0,0,1,0,1,1,0,0,0,0,0,1,0,0,0,1,1,0,0,1,0,0,0,0,0,0,1,1,0,0,0,0,0,1,0,0,0
https://breather.com/locations/boston/374-congress-307,boston,USD,184.0,1472.0,36.0,6.0,45.0,1028.0,22.0,4.9,1,0,0,1,0,0,0,1,0,0,0,0,0,0,0,0,1,0,0,0,0,1,0,0,1,0,0,0,0,0,0,1,1,0,0,0,0,0,1,0,0,0
https://breather.com/locations/boston/11-beacon-604,boston,USD,56.0,448.0,6.0,3.0,9.0,332.0,27.0,4.7,1,0,0,0,0,0,0,1,0,0,0,0,0,0,0,0,1,0,1,0,0,0,0,0,0,0,0,0,0,0,0,1,1,0,0,0,0,0,1,0,0,0
https://breather.com/locations/los-angeles/1680-n-vine-1014,los-angeles,USD,81.0,648.0,10.0,6.0,25.0,535.0,34.0,4.7,1,0,0,1,0,0,0,1,0,0,0,1,0,0,0,1,1,0,1,0,1,1,0,0,1,0,0,0,0,0,0,1,1,0,0,0,0,0,1,0,0,0
https://breather.com/locations/los-angeles/1225-electric-ave-venice,los-angeles,USD,84.0,672.0,10.0,8.0,40.0,795.0,161.0,4.6,1,0,1,0,0,0,0,0,1,1,0,1,0,0,0,0,1,0,0,0,1,0,0,0,0,0,0,0,0,0,0,1,1,0,0,0,0,1,1,0,0,0
https://breather.com/locations/los-angeles/8500-steller-dr,los-angeles,USD,78.0,624.0,12.0,5.0,20.0,540.0,67.0,4.6,1,0,0,0,1,0,0,0,1,1,0,1,0,1,0,0,1,1,0,0,1,1,0,1,1,0,0,0,1,0,0,1,1,0,0,0,0,0,1,0,0,0
https://breather.com/locations/los-angeles/1411-5th-street-room-1,los-angeles,USD,56.0,448.0,6.0,3.0,9.0,217.0,134.0,4.6,1,0,0,1,0,0,0,0,0,0,0,1,0,0,0,0,1,0,0,0,0,1,0,0,1,0,0,0,0,0,0,1,1,0,0,0,0,1,1,0,0,0
https://breather.com/locations/los-angeles/1722-whitley-2,los-angeles,USD,92.0,736.0,10.0,4.0,10.0,900.0,10.0,5.0,1,0,0,0,1,0,0,0,1,1,0,1,0,0,0,0,1,0,0,0,1,1,0,0,1,0,0,0,0,0,0,1,1,0,0,0,0,0,1,0,0,0
https://breather.com/locations/los-angeles/1639-11th-256,los-angeles,USD,49.0,392.0,6.0,3.0,10.0,250.0,201.0,4.5,1,0,0,1,1,0,0,0,0,0,0,1,0,0,0,1,1,0,0,0,0,1,0,0,1,0,0,0,0,0,0,1,1,0,0,0,0,1,1,0,0,0
https://breather.com/locations/los-angeles/1411-5th-street-room-3,los-angeles,USD,49.0,392.0,10.0,4.0,20.0,450.0,26.0,4.5,1,0,0,1,0,0,0,0,0,0,0,1,0,0,0,1,1,0,0,0,0,0,0,0,1,0,0,0,0,0,0,1,1,0,0,0,0,1,1,0,0,0
https://breather.com/locations/los-angeles/1411-5th-street-room-2,los-angeles,USD,49.0,392.0,12.0,5.0,20.0,450.0,42.0,4.6,1,0,0,1,0,0,0,1,0,0,0,1,0,0,0,0,1,0,0,0,0,1,1,0,1,0,0,0,0,0,0,1,1,0,0,0,0,1,1,0,0,0
https://breather.com/locations/los-angeles/la-1722-whitley-1,los-angeles,USD,92.0,736.0,10.0,4.0,10.0,900.0,6.0,4.8,1,0,0,0,1,0,0,0,1,1,0,1,0,0,0,0,1,0,0,0,1,1,0,0,1,0,0,0,0,0,0,1,1,0,0,0,0,0,1,0,0,0
https://breather.com/locations/los-angeles/1454-25th-street,los-angeles,USD,99.0,792.0,36.0,7.0,49.0,1000.0,52.0,4.6,1,0,0,0,0,0,0,0,1,0,0,0,0,0,0,0,1,0,0,0,1,0,0,1,1,0,0,0,0,0,0,1,1,0,0,0,0,0,1,0,0,0
https://breather.com/locations/los-angeles/1540-7th,los-angeles,USD,67.0,536.0,14.0,4.0,30.0,556.0,101.0,4.6,1,0,0,1,0,0,0,1,0,0,0,1,0,0,0,0,1,0,0,0,1,0,0,0,1,0,0,0,0,0,0,1,1,0,0,0,0,1,1,0,1,0
https://breather.com/locations/los-angeles/3535-hayden-ave-210,los-angeles,USD,48.0,384.0,6.0,1.0,8.0,335.0,53.0,4.6,1,0,0,1,0,0,0,1,0,0,0,0,0,0,0,0,1,0,0,0,0,0,0,1,1,1,0,0,0,0,0,1,1,0,0,0,0,0,1,0,0,0
https://breather.com/locations/los-angeles/jefferson-blvd,los-angeles,USD,140.0,1120.0,40.0,2.0,49.0,1100.0,46.0,4.7,1,0,0,0,0,0,0,0,1,1,0,0,0,0,0,0,1,0,0,0,1,1,0,1,1,0,0,0,1,0,0,1,1,0,0,0,0,0,1,0,0,0
https://breather.com/locations/los-angeles/3535-hayden-ave-160,los-angeles,USD,103.0,824.0,18.0,4.0,28.0,836.0,15.0,4.9,1,0,0,1,0,0,0,1,0,0,0,0,0,0,0,0,1,0,0,0,0,0,0,1,1,1,0,0,0,0,0,1,1,0,0,0,0,0,1,0,0,0
https://breather.com/locations/los-angeles/724-spring-suite-1404,los-angeles,USD,152.0,1216.0,32.0,6.0,49.0,1302.0,50.0,4.6,0,0,0,0,1,0,0,1,1,1,0,0,0,0,0,1,1,0,0,0,1,0,0,0,1,0,1,0,0,0,0,1,1,0,0,0,0,0,1,0,0,0
https://breather.com/locations/los-angeles/601-west-5th-room-1,los-angeles,USD,92.0,736.0,12.0,3.0,30.0,505.0,33.0,4.4,0,0,0,1,0,0,0,0,0,0,0,1,0,0,0,0,1,0,1,0,0,0,0,0,1,1,0,0,0,0,0,1,1,0,0,0,0,0,1,0,0,0
https://breather.com/locations/los-angeles/724-spring-suite-1403,los-angeles,USD,122.0,976.0,20.0,6.0,30.0,900.0,19.0,4.8,1,0,0,0,0,0,0,1,1,0,0,0,0,0,0,1,1,0,1,0,1,1,0,0,0,0,0,0,0,0,0,1,1,0,0,0,0,0,1,0,0,0
https://breather.com/locations/los-angeles/312-venice-way,los-angeles,USD,110.0,880.0,18.0,4.0,26.0,799.0,10.0,4.9,1,0,0,1,0,0,0,0,0,0,0,0,0,0,0,0,1,1,0,0,0,1,0,0,1,0,0,0,1,0,0,1,1,0,0,0,0,0,1,0,0,0
https://breather.com/locations/los-angeles/309-east-8th,los-angeles,USD,137.0,1096.0,36.0,6.0,49.0,1050.0,16.0,4.9,1,0,0,1,0,0,0,0,0,0,0,1,0,0,0,0,1,0,0,0,0,0,0,0,0,0,0,0,0,0,0,1,1,0,0,0,0,0,1,0,0,0
https://breather.com/locations/los-angeles/601-west-5th,los-angeles,USD,61.0,488.0,6.0,3.0,12.0,295.0,50.0,4.3,1,0,0,1,0,0,0,1,0,0,0,1,0,0,0,0,1,0,1,0,0,0,0,0,1,1,0,0,0,0,0,1,1,0,0,0,0,0,1,0,0,0
https://breather.com/locations/los-angeles/7561-sunset-202,los-angeles,USD,82.0,656.0,16.0,2.0,26.0,491.0,58.0,4.4,1,0,0,1,0,0,0,0,0,1,0,0,0,0,0,0,1,0,0,0,1,0,0,0,1,0,0,0,0,0,0,1,1,0,0,0,0,0,1,0,0,0
https://breather.com/locations/los-angeles/725-s-figueroa-10,los-angeles,USD,150.0,1200.0,42.0,8.0,49.0,1480.0,5.0,5.0,1,0,0,1,1,0,0,1,0,1,0,0,0,0,0,1,1,0,1,0,1,1,0,1,1,1,1,0,0,0,0,1,1,0,0,0,1,0,1,0,0,0
https://breather.com/locations/los-angeles/7024-melrose-room2,los-angeles,USD,80.0,640.0,12.0,3.0,20.0,982.0,12.0,4.4,1,0,0,1,0,0,0,1,0,0,0,0,0,0,0,1,1,1,0,0,0,0,0,1,1,0,0,0,1,0,0,1,1,0,0,0,0,0,1,0,0,0
https://breather.com/locations/los-angeles/7561-sunset-blvd-203,los-angeles,USD,80.0,640.0,16.0,5.0,21.0,621.0,19.0,4.5,1,0,0,1,1,0,0,0,0,0,0,0,0,0,0,0,1,0,0,0,0,0,0,0,1,0,0,0,0,0,0,1,1,0,0,0,0,0,1,0,0,0
https://breather.com/locations/los-angeles/la-320-lincoln-blvd,los-angeles,USD,110.0,880.0,14.0,4.0,18.0,955.0,,,1,0,0,0,0,0,0,0,1,1,0,0,0,0,0,0,1,0,0,0,1,1,0,1,1,0,0,0,0,0,0,1,1,0,0,0,0,0,1,0,0,0
https://breather.com/locations/los-angeles/7024-melrose-room1,los-angeles,USD,118.0,944.0,28.0,5.0,28.0,1053.0,19.0,4.4,1,0,0,1,0,0,0,1,0,1,0,1,0,0,0,1,1,0,0,0,1,1,0,1,1,0,0,0,0,0,0,1,1,0,0,0,0,1,1,0,0,0
https://breather.com/locations/los-angeles/1680-n-vine-1012,los-angeles,USD,84.0,672.0,14.0,2.0,25.0,535.0,18.0,4.1,1,0,0,1,0,0,0,1,0,0,0,1,0,0,0,1,1,0,0,0,1,1,0,0,1,0,0,0,0,0,0,1,1,0,0,0,0,1,1,0,0,0
https://breather.com/locations/los-angeles/200-corporate-pointe-490b,los-angeles,USD,103.0,824.0,16.0,4.0,24.0,559.0,,,1,0,0,1,0,0,0,1,0,1,0,0,0,0,0,1,1,0,0,0,1,1,0,1,1,1,0,0,0,0,0,1,1,1,0,0,0,0,1,0,0,0
https://breather.com/locations/los-angeles/6363-wilshire-401,los-angeles,USD,106.0,848.0,20.0,2.0,20.0,1000.0,6.0,4.0,1,0,0,1,0,0,0,1,0,0,0,0,0,0,0,1,1,0,0,0,0,0,0,0,1,0,0,0,0,0,0,1,1,0,0,0,0,0,1,0,0,0
https://breather.com/locations/chicago/343-w-erie-2,chicago,USD,55.0,440.0,8.0,3.0,12.0,402.0,129.0,4.7,1,0,1,1,1,0,0,1,0,0,0,1,0,0,0,0,1,0,0,0,0,1,0,0,1,0,0,0,0,0,0,1,1,1,0,0,0,1,1,0,0,0
https://breather.com/locations/chicago/125-s-clark-3,chicago,USD,54.0,432.0,12.0,4.0,16.0,522.0,33.0,4.8,1,0,0,1,1,0,0,1,0,0,0,0,0,0,0,1,1,0,1,0,0,1,0,0,1,1,0,0,0,0,0,1,1,0,0,0,0,0,1,0,0,0
https://breather.com/locations/chicago/134-n-lasalle-1730,chicago,USD,69.0,552.0,12.0,5.0,20.0,504.0,37.0,4.9,1,0,1,1,1,0,0,1,0,0,0,1,0,0,0,1,1,0,1,0,0,0,0,0,1,0,0,0,0,0,0,1,1,0,0,0,0,0,1,0,0,0
https://breather.com/locations/chicago/230-w-huron-1,chicago,USD,44.0,352.0,6.0,3.0,10.0,286.0,104.0,4.7,1,0,1,1,1,0,0,1,0,0,0,0,0,0,0,0,1,0,0,0,0,1,0,0,1,0,0,0,0,0,0,1,1,0,0,0,0,1,1,0,0,0
https://breather.com/locations/chicago/230-w-huron-2,chicago,USD,63.0,504.0,10.0,5.0,17.0,900.0,97.0,4.8,1,0,1,1,1,0,0,1,0,0,0,1,0,0,0,0,1,0,0,0,0,1,0,0,1,0,0,0,0,0,0,1,1,0,0,0,0,1,1,0,0,0
https://breather.com/locations/chicago/1-n-lasalle-a,chicago,USD,49.0,392.0,8.0,5.0,15.0,405.0,40.0,4.8,1,0,1,1,1,0,0,1,0,0,0,1,0,0,0,0,1,0,1,0,0,1,0,0,1,1,0,0,0,0,0,1,1,0,0,0,0,1,1,0,0,0
https://breather.com/locations/chicago/720-n-franklin-2,chicago,USD,55.0,440.0,10.0,2.0,10.0,319.0,31.0,4.3,1,0,0,1,1,0,0,1,0,0,0,1,0,0,0,0,1,0,0,0,0,0,0,0,1,0,0,0,0,0,0,1,1,0,0,0,0,0,1,0,0,0
https://breather.com/locations/chicago/20-n-wacker-2010,chicago,USD,45.0,360.0,8.0,2.0,8.0,362.0,15.0,4.5,1,0,0,1,1,0,0,1,0,0,0,0,0,0,0,1,1,0,1,0,0,1,0,0,1,1,0,0,0,0,0,1,1,0,0,0,1,0,1,0,0,0
https://breather.com/locations/chicago/205-w-wacker-620,chicago,USD,49.0,392.0,6.0,5.0,15.0,400.0,93.0,4.7,1,0,1,1,0,0,0,1,0,0,0,1,0,0,0,0,1,0,1,0,0,1,0,0,1,0,0,0,0,0,0,1,1,0,0,0,0,0,1,0,0,0
https://breather.com/locations/chicago/720-n-franklin-1,chicago,USD,79.0,632.0,20.0,5.0,20.0,602.0,43.0,4.7,1,0,1,1,1,0,0,1,0,0,0,1,0,0,0,0,1,0,0,0,0,1,0,0,1,0,0,0,0,0,0,1,1,0,0,0,0,0,1,0,0,0
https://breather.com/locations/chicago/954-w-washington,chicago,USD,129.0,1032.0,28.0,10.0,40.0,1305.0,45.0,4.8,1,0,1,0,1,0,0,1,1,1,0,0,0,0,0,0,1,0,0,0,1,1,0,0,1,0,0,0,0,0,0,1,1,0,0,0,0,0,1,1,0,0
https://breather.com/locations/chicago/205-w-wacker-619,chicago,USD,45.0,360.0,6.0,4.0,10.0,324.0,73.0,4.6,1,0,1,1,0,0,0,1,0,0,0,1,0,0,0,0,1,0,1,0,0,1,0,0,1,0,0,0,0,0,0,1,1,0,0,0,0,1,1,0,0,0
https://breather.com/locations/chicago/223-w-jackson,chicago,USD,71.0,568.0,16.0,7.0,30.0,940.0,96.0,4.9,1,0,1,1,0,0,0,1,0,0,0,1,0,0,0,1,1,0,1,0,0,1,0,0,1,0,0,0,0,0,0,1,1,0,0,0,0,0,1,0,0,0
https://breather.com/locations/chicago/125-s-clark-2,chicago,USD,95.0,760.0,24.0,3.0,27.0,747.0,16.0,4.6,1,0,0,1,1,0,0,1,0,0,0,0,0,0,0,1,1,0,1,0,0,1,0,0,1,1,0,0,0,0,0,1,1,0,0,0,0,0,1,0,0,0
https://breather.com/locations/chicago/645-n-michigan,chicago,USD,111.0,888.0,28.0,2.0,30.0,628.0,29.0,4.8,1,0,0,1,1,0,0,1,0,0,0,0,0,0,0,0,1,0,1,0,0,1,0,0,1,1,0,0,0,0,0,1,1,0,0,0,0,0,1,0,0,0
https://breather.com/locations/chicago/230-w-monroe-1,chicago,USD,76.0,608.0,12.0,7.0,20.0,562.0,26.0,4.7,1,0,1,1,1,0,0,1,0,0,0,1,0,0,0,0,1,0,1,0,0,1,0,0,1,0,0,0,0,0,0,1,1,0,0,0,0,1,1,0,0,0
https://breather.com/locations/chicago/125-s-clark-1,chicago,USD,115.0,920.0,32.0,7.0,36.0,995.0,8.0,4.8,1,0,0,1,1,0,0,1,0,0,0,0,0,0,0,0,1,0,1,0,0,1,0,0,1,1,1,0,0,0,0,1,1,0,0,0,0,0,1,0,0,0
https://breather.com/locations/chicago/813-w-randolph-a,chicago,USD,135.0,1080.0,32.0,6.0,40.0,1070.0,5.0,5.0,1,0,0,1,1,0,0,1,0,0,0,0,0,0,0,0,1,0,0,0,0,1,0,0,1,1,1,0,0,0,0,1,1,0,0,0,0,0,1,0,0,0
https://breather.com/locations/chicago/121-w-wacker-2,chicago,USD,125.0,1000.0,22.0,10.0,36.0,1050.0,,,1,0,0,1,1,0,0,1,0,1,0,0,0,0,0,1,1,0,1,0,0,1,0,0,1,1,0,0,0,0,0,1,1,0,0,0,1,0,1,0,0,0
https://breather.com/locations/chicago/1-n-lasalle-b,chicago,USD,79.0,632.0,16.0,5.0,20.0,615.0,20.0,4.5,1,0,1,1,1,0,0,1,0,0,0,1,0,0,0,0,1,0,1,0,0,1,0,0,1,1,0,0,0,0,0,1,1,0,0,0,0,1,1,0,0,0
https://breather.com/locations/chicago/750-n-franklin,chicago,USD,75.0,600.0,14.0,9.0,30.0,871.0,34.0,4.7,1,0,1,0,0,0,0,0,1,1,0,1,0,0,0,0,1,0,0,0,1,1,0,0,1,0,0,0,1,0,0,1,1,0,0,0,0,1,1,0,0,0
https://breather.com/locations/chicago/20-n-wacker-2005,chicago,USD,98.0,784.0,30.0,5.0,30.0,1036.0,7.0,4.7,1,0,0,1,1,0,0,1,0,0,0,0,0,0,0,1,1,0,1,0,0,1,0,0,1,1,0,0,0,0,0,1,1,0,0,0,1,0,1,0,0,0
https://breather.com/locations/chicago/122-s-michigan-1405,chicago,USD,125.0,1000.0,42.0,10.0,40.0,1503.0,5.0,4.8,1,0,0,0,1,0,0,1,0,1,0,0,0,0,0,1,1,0,1,0,1,1,0,0,1,1,0,0,0,0,0,1,1,0,0,0,0,0,1,0,0,0
https://breather.com/locations/chicago/230-w-monroe-2,chicago,USD,73.0,584.0,14.0,5.0,20.0,639.0,21.0,4.7,1,0,1,1,1,0,0,1,0,0,0,1,0,0,0,0,1,0,1,0,0,1,0,0,1,0,0,0,0,0,0,1,1,1,0,0,0,1,1,0,0,0
https://breather.com/locations/chicago/813-w-randolph-b,chicago,USD,109.0,872.0,28.0,0.0,30.0,970.0,9.0,4.3,1,0,0,1,1,0,0,1,0,0,0,0,0,0,0,0,1,1,0,0,1,1,0,0,1,1,0,0,0,0,0,1,1,0,0,0,0,0,1,0,0,0
https://breather.com/locations/chicago/1500-w-carroll-2,chicago,USD,75.0,600.0,20.0,3.0,26.0,680.0,5.0,4.8,1,0,0,1,1,0,0,0,0,0,0,0,0,0,0,0,1,0,0,0,0,1,0,0,1,0,0,0,0,0,0,1,1,0,0,0,1,0,1,0,0,0
https://breather.com/locations/chicago/121-w-wacker-1,chicago,USD,175.0,1400.0,36.0,23.0,66.0,1430.0,,,1,0,0,1,1,0,0,1,0,0,0,0,0,0,0,1,1,1,1,0,0,1,0,0,1,1,0,0,0,0,0,1,1,0,0,0,1,0,1,0,0,0
https://breather.com/locations/chicago/1500-w-carroll-suite-1,chicago,USD,95.0,760.0,36.0,5.0,36.0,1025.0,,,1,0,0,1,1,0,0,0,0,0,0,0,0,0,0,0,1,0,0,0,0,1,0,0,1,0,1,0,0,0,0,1,1,0,0,0,1,0,1,1,0,0
https://breather.com/locations/washington-dc/1-thomas-circle-nw-1040,washington-dc,USD,79.0,632.0,10.0,3.0,14.0,475.0,23.0,4.9,1,0,1,1,0,0,0,1,0,0,0,0,0,0,0,1,1,0,1,0,0,1,0,0,1,0,0,0,0,0,0,1,0,0,0,0,1,0,1,0,0,0
https://breather.com/locations/washington-dc/dc-2122-p-nw-2,washington-dc,USD,62.0,496.0,8.0,4.0,12.0,305.0,91.0,4.6,1,0,1,1,1,0,0,0,1,0,0,1,0,0,0,0,1,0,0,0,0,1,0,0,1,0,0,0,0,0,0,1,0,0,0,0,0,1,1,0,0,0
https://breather.com/locations/washington-dc/dc-2401-penn-nw-340-2,washington-dc,USD,69.0,552.0,8.0,2.0,10.0,370.0,17.0,4.9,1,0,0,0,0,0,0,1,0,0,0,0,0,0,0,0,1,1,1,0,1,1,0,0,1,0,0,0,0,0,0,1,1,0,0,0,0,0,1,0,0,0
https://breather.com/locations/washington-dc/dc-1003-k-nw-2,washington-dc,USD,41.0,328.0,4.0,3.0,7.0,250.0,72.0,4.8,1,0,0,1,0,0,0,1,0,0,0,0,0,0,0,0,0,0,1,0,0,1,0,0,1,0,0,0,0,0,0,0,0,0,0,0,1,1,1,0,0,0
https://breather.com/locations/washington-dc/1-thomas-circle-nw-1030,washington-dc,USD,65.0,520.0,8.0,3.0,12.0,364.0,19.0,4.8,1,0,0,1,0,0,0,1,0,0,0,1,0,0,0,1,1,0,1,0,0,1,0,0,1,0,0,0,0,0,0,1,0,0,0,0,1,1,1,0,0,0
https://breather.com/locations/washington-dc/dc-1003-k-nw-1,washington-dc,USD,55.0,440.0,6.0,4.0,8.0,450.0,64.0,4.8,1,0,0,1,0,0,0,1,0,0,0,0,0,0,0,0,0,0,1,0,0,1,0,0,1,0,0,0,0,0,0,0,0,0,0,0,1,1,1,0,0,0
https://breather.com/locations/washington-dc/dc-2122-p-nw-1,washington-dc,USD,107.0,856.0,14.0,4.0,14.0,560.0,31.0,4.8,1,0,1,1,1,0,0,0,1,0,0,0,0,0,0,0,1,0,0,0,0,1,0,0,1,0,0,0,0,0,0,1,0,0,0,0,0,1,1,0,0,0
https://breather.com/locations/washington-dc/dc-444-north-cap-nw-701,washington-dc,USD,79.0,632.0,16.0,4.0,20.0,635.0,19.0,4.9,1,0,0,1,0,0,0,1,0,0,0,0,0,0,0,1,1,0,1,0,0,1,0,0,1,1,0,0,0,0,0,1,0,0,0,0,1,0,1,0,0,0
https://breather.com/locations/washington-dc/727-15th-nw-2,washington-dc,USD,129.0,1032.0,16.0,6.0,20.0,780.0,55.0,4.7,1,0,1,1,0,0,0,1,0,0,0,0,0,0,0,0,1,0,1,0,0,1,0,0,1,0,0,0,0,0,0,1,0,0,0,0,1,1,1,0,0,0
https://breather.com/locations/washington-dc/dc-1413-wisconsin-ave-nw,washington-dc,USD,179.0,1432.0,28.0,12.0,35.0,1745.0,22.0,4.8,1,0,0,0,0,0,0,0,1,1,0,0,0,0,0,1,1,0,0,0,1,1,0,0,1,0,0,0,1,0,0,1,0,0,0,0,0,0,1,0,0,0
https://breather.com/locations/washington-dc/dc-2401-penn-nw-340-1,washington-dc,USD,75.0,600.0,12.0,2.0,14.0,425.0,16.0,4.8,1,0,0,0,0,0,0,1,0,0,0,0,0,0,0,0,1,1,1,0,1,1,0,0,1,0,0,0,0,0,0,1,1,0,0,0,0,0,1,0,0,0
https://breather.com/locations/washington-dc/dc-1931-9-nw,washington-dc,USD,115.0,920.0,28.0,2.0,30.0,915.0,28.0,4.8,1,0,0,1,0,0,0,0,1,1,0,0,0,0,0,1,1,0,0,0,1,1,0,0,1,0,0,0,0,0,0,1,1,0,0,0,0,0,1,0,0,0
https://breather.com/locations/washington-dc/dc-915-f-st-nw-3,washington-dc,USD,149.0,1192.0,36.0,8.0,36.0,1265.0,38.0,4.4,1,0,0,1,0,0,0,1,1,1,0,0,0,1,0,0,1,0,0,0,1,1,0,0,1,0,1,0,0,0,0,1,1,0,0,0,0,0,1,0,0,0
https://breather.com/locations/washington-dc/dc-2401-penn-nw-340-3,washington-dc,USD,89.0,712.0,12.0,3.0,15.0,455.0,5.0,5.0,1,0,0,0,0,0,0,1,0,0,0,0,0,0,0,0,1,1,1,0,1,1,0,0,1,0,0,0,0,0,0,1,1,0,0,0,0,0,1,0,0,0
https://breather.com/locations/washington-dc/dc-1901-penn-ave-nw-b,washington-dc,USD,75.0,600.0,16.0,4.0,20.0,730.0,17.0,4.6,1,0,0,0,1,0,0,1,0,0,0,0,0,0,0,1,1,0,1,0,0,1,0,0,1,1,0,0,0,0,0,1,0,0,0,0,1,0,1,0,0,0
https://breather.com/locations/washington-dc/dc-1201-conn-ave-nw,washington-dc,USD,159.0,1272.0,28.0,4.0,32.0,1076.0,5.0,5.0,1,0,0,1,0,0,0,1,0,1,0,0,0,0,0,0,1,0,1,0,1,0,0,0,1,0,1,0,0,0,0,1,1,0,0,0,1,0,1,0,0,0
https://breather.com/locations/washington-dc/dc-1100-g-st-nw-10301,washington-dc,USD,,,,,,,,,0,0,0,0,0,0,0,0,0,0,0,0,0,0,0,0,0,0,0,0,0,0,0,0,0,0,0,0,0,0,0,0,0,0,0,0,0,0,0,0,0,0
https://breather.com/locations/washington-dc/1-thomas-circle-nw-1020,washington-dc,USD,,,,,,,,,0,0,0,0,0,0,0,0,0,0,0,0,0,0,0,0,0,0,0,0,0,0,0,0,0,0,0,0,0,0,0,0,0,0,0,0,0,0,0,0,0,0
https://breather.com/locations/washington-dc/dc-444-north-cap-nw-703,washington-dc,USD,,,,,,,,,0,0,0,0,0,0,0,0,0,0,0,0,0,0,0,0,0,0,0,0,0,0,0,0,0,0,0,0,0,0,0,0,0,0,0,0,0,0,0,0,0,0
https://breather.com/locations/washington-dc/dc-1901-penn-ave-nw-a,washington-dc,USD,,,,,,,,,0,0,0,0,0,0,0,0,0,0,0,0,0,0,0,0,0,0,0,0,0,0,0,0,0,0,0,0,0,0,0,0,0,0,0,0,0,0,0,0,0,0
https://breather.com/locations/washington-dc/dc-1100-g-st-nw-1030,washington-dc,USD,,,,,,,,,0,0,0,0,0,0,0,0,0,0,0,0,0,0,0,0,0,0,0,0,0,0,0,0,0,0,0,0,0,0,0,0,0,0,0,0,0,0,0,0,0,0
https://breather.com/locations/washington-dc/dc-444-north-cap-nw-702,washington-dc,USD,,,,,,,,,0,0,0,0,0,0,0,0,0,0,0,0,0,0,0,0,0,0,0,0,0,0,0,0,0,0,0,0,0,0,0,0,0,0,0,0,0,0,0,0,0,0
https://breather.com/locations/washington-dc/dc-727-15-nw-1,washington-dc,USD,,,,,,,,,0,0,0,0,0,0,0,0,0,0,0,0,0,0,0,0,0,0,0,0,0,0,0,0,0,0,0,0,0,0,0,0,0,0,0,0,0,0,0,0,0,0
https://breather.com/locations/london/21polandst2,london,GBP,,,,,,,,,0,0,0,0,0,0,0,0,0,0,0,0,0,0,0,0,0,0,0,0,0,0,0,0,0,0,0,0,0,0,0,0,0,0,0,0,0,0,0,0,0,0
https://breather.com/locations/london/38rosebery2,london,GBP,,,,,,,,,0,0,0,0,0,0,0,0,0,0,0,0,0,0,0,0,0,0,0,0,0,0,0,0,0,0,0,0,0,0,0,0,0,0,0,0,0,0,0,0,0,0
https://breather.com/locations/london/38rosebery1,london,GBP,,,,,,,,,0,0,0,0,0,0,0,0,0,0,0,0,0,0,0,0,0,0,0,0,0,0,0,0,0,0,0,0,0,0,0,0,0,0,0,0,0,0,0,0,0,0
https://breather.com/locations/london/clifton1,london,GBP,65.42190587096184,523.3752469676947,6.0,2.0,8.0,280.0,87.0,4.7,1,0,1,1,0,0,0,1,0,0,0,0,1,1,0,0,1,0,0,0,0,1,0,0,1,0,0,0,0,0,1,1,1,1,0,0,0,1,1,0,0,0
https://breather.com/locations/london/38rosebery3,london,GBP,143.92819291611602,1151.4255433289281,10.0,5.0,10.0,782.0,50.0,4.7,1,0,1,1,0,0,0,1,0,0,0,1,1,1,0,0,1,0,0,0,0,0,0,0,1,1,0,0,0,0,1,0,0,0,0,0,0,1,1,0,0,0
https://breather.com/locations/london/26-mortimer-street,london,GBP,78.5062870451542,628.0502963612336,8.0,6.0,8.0,427.0,130.0,4.5,1,0,1,1,1,0,0,1,0,0,0,1,1,1,0,0,1,0,0,0,0,0,0,0,1,0,0,0,0,0,1,0,0,0,0,0,0,1,1,0,0,0
https://breather.com/locations/london/43maidenlane5,london,GBP,104.67504939353893,837.4003951483114,10.0,5.0,10.0,451.0,44.0,4.7,0,0,1,1,0,0,0,1,0,0,0,1,0,0,0,1,1,0,0,0,0,1,0,0,1,0,0,0,0,0,0,0,0,0,0,0,0,1,1,0,0,0
https://breather.com/locations/london/golden,london,GBP,65.42190587096184,523.3752469676947,6.0,3.0,6.0,285.0,77.0,4.6,1,0,1,1,1,0,0,0,0,0,0,0,1,1,0,1,1,0,0,0,0,0,0,0,1,0,0,0,0,0,1,0,0,0,0,0,0,0,1,0,0,0
https://breather.com/locations/london/27provostst2,london,GBP,85.04847763225038,680.387821058003,8.0,4.0,14.0,515.0,36.0,4.8,1,0,1,1,0,0,0,1,0,0,0,1,1,1,0,0,1,0,0,0,0,1,0,0,1,0,0,0,0,0,1,0,0,1,0,0,0,1,1,0,0,0
https://breather.com/locations/london/15ahanoverst1,london,GBP,98.13285880644275,785.062870451542,10.0,0.0,10.0,261.0,33.0,4.6,1,0,1,1,0,0,0,0,1,0,0,1,1,1,0,0,1,0,0,0,0,1,0,0,1,0,0,0,0,0,1,1,1,0,0,0,0,0,1,0,0,0
https://breather.com/locations/london/21polandst1,london,GBP,150.47038350321222,1203.7630680256977,12.0,7.0,16.0,620.0,55.0,4.5,1,0,1,1,0,0,0,1,0,0,0,1,1,1,0,1,1,0,0,0,0,1,0,0,1,1,0,0,0,0,1,1,1,0,0,0,0,1,1,1,0,0
https://breather.com/locations/london/7-hatton-garden-4f,london,GBP,98.13285880644275,785.062870451542,10.0,3.0,10.0,500.0,76.0,4.4,1,0,1,1,0,0,0,1,0,0,0,1,1,1,0,0,1,0,0,0,0,1,0,0,1,0,0,0,0,0,1,0,0,0,0,0,0,0,1,0,0,0
https://breather.com/locations/london/welbeckstreetground,london,GBP,65.42190587096184,523.3752469676947,6.0,0.0,6.0,250.0,75.0,4.5,1,0,1,1,1,0,0,0,0,0,1,1,1,1,0,0,1,0,0,0,0,0,0,0,1,1,0,0,0,0,1,0,0,0,0,0,0,0,1,0,0,0
https://breather.com/locations/london/clerkenwell2,london,GBP,98.13285880644275,785.062870451542,10.0,3.0,10.0,532.0,23.0,4.7,1,0,1,1,0,0,0,1,0,0,0,1,1,1,0,0,1,0,0,0,0,1,0,0,1,1,0,0,0,0,1,0,0,1,0,0,0,0,1,0,0,0
https://breather.com/locations/london/staple,london,GBP,196.2657176128855,1570.125740903084,25.0,6.0,40.0,895.0,61.0,4.6,1,0,0,1,1,0,0,0,0,0,0,0,1,1,0,0,1,0,0,0,0,1,0,0,1,0,1,0,1,0,1,1,0,0,0,0,0,0,1,0,0,0
https://breather.com/locations/london/43maidenlane3,london,GBP,137.38600232901985,1099.0880186321588,12.0,4.0,12.0,638.0,27.0,4.7,0,0,1,1,0,0,0,1,0,0,0,1,1,1,0,0,1,0,0,0,0,1,0,0,1,0,0,0,0,0,1,0,0,0,0,0,0,0,1,0,0,0
https://breather.com/locations/london/25-lexington-street-3f,london,GBP,78.5062870451542,628.0502963612336,8.0,2.0,8.0,370.0,67.0,4.4,0,0,1,1,1,0,0,0,0,0,1,1,1,1,0,1,1,0,0,0,0,1,0,0,1,0,0,0,0,0,1,0,0,0,0,0,0,1,1,0,0,0
https://breather.com/locations/london/25doverst2,london,GBP,78.5062870451542,628.0502963612336,4.0,4.0,4.0,240.0,85.0,4.5,1,0,1,1,0,0,0,1,0,1,0,1,1,1,0,0,1,0,0,0,0,1,0,0,1,1,0,0,0,0,1,1,0,0,0,0,0,0,1,0,0,0
https://breather.com/locations/london/7-hatton-garden-4r,london,GBP,65.42190587096184,523.3752469676947,6.0,4.0,6.0,302.0,91.0,4.4,1,0,0,0,0,0,0,1,1,0,0,0,1,1,0,1,0,0,0,0,0,1,0,0,1,0,0,0,0,0,1,0,0,0,0,0,0,1,1,0,0,0
https://breather.com/locations/london/1-charlotte-street-2nd,london,GBP,196.2657176128855,1570.125740903084,20.0,2.0,22.0,614.0,16.0,4.7,1,0,1,1,1,0,0,1,0,1,0,0,1,1,0,0,1,0,0,0,1,0,0,0,1,0,0,0,0,0,1,1,1,0,0,0,0,0,1,0,0,0
https://breather.com/locations/montreal/705-laporte,montreal,CAD,23.235640374248714,185.8851229939897,10.0,3.0,13.0,400.0,588.0,4.7,1,0,0,0,0,0,0,0,1,0,0,0,0,0,0,0,0,0,0,0,0,1,0,0,1,0,0,0,0,0,0,0,0,0,0,0,0,1,1,0,0,0
https://breather.com/locations/montreal/1396-stcath,montreal,CAD,23.235640374248714,185.8851229939897,8.0,3.0,11.0,300.0,130.0,4.7,1,0,0,1,0,0,0,1,0,0,0,1,0,0,0,0,1,0,0,0,0,0,0,0,0,0,0,0,0,0,0,1,1,0,0,0,0,1,1,0,0,0
https://breather.com/locations/montreal/balfour,montreal,CAD,15.49042691616581,123.92341532932647,6.0,3.0,8.0,175.0,776.0,4.6,1,0,0,1,0,0,0,1,0,0,0,0,0,0,0,0,0,0,0,0,0,1,0,0,1,0,0,0,0,0,0,0,0,0,0,0,0,1,1,0,0,0
https://breather.com/locations/montreal/2020-rb-2030,montreal,CAD,61.96170766466324,495.6936613173059,24.0,6.0,30.0,945.0,24.0,4.9,1,0,0,1,1,0,0,1,0,0,0,0,0,0,0,1,1,0,1,0,0,1,0,0,1,0,0,0,0,0,0,1,1,0,0,0,0,0,1,0,0,0
https://breather.com/locations/montreal/brooklyn-cafe,montreal,CAD,15.49042691616581,123.92341532932647,8.0,0.0,12.0,150.0,152.0,4.5,0,0,0,1,0,0,0,0,0,0,0,0,0,0,0,0,0,0,0,0,0,0,1,0,0,0,0,0,0,0,0,0,0,0,0,0,0,0,1,0,0,0
https://breather.com/locations/montreal/st-nicolas,montreal,CAD,19.36303364520726,154.90426916165808,4.0,3.0,7.0,250.0,830.0,4.6,0,0,0,1,0,0,0,1,0,0,0,0,0,0,0,0,0,0,0,0,0,1,0,0,1,0,0,0,0,0,0,0,0,0,0,0,0,1,1,0,0,0
https://breather.com/locations/montreal/505-renelevesque,montreal,CAD,38.72606729041452,309.80853832331616,12.0,4.0,16.0,750.0,149.0,4.4,1,0,1,1,1,0,0,1,0,0,0,1,0,0,0,0,1,0,0,0,0,1,0,0,1,0,0,0,0,0,0,1,1,0,0,0,0,0,1,0,0,0
https://breather.com/locations/montreal/mtl-747sv-2020,montreal,CAD,65.83431439370469,526.6745151496375,18.0,4.0,22.0,1013.0,17.0,4.9,0,0,0,1,1,0,0,1,0,1,0,0,0,0,0,0,1,0,1,0,1,0,0,0,1,1,0,0,0,0,0,1,1,0,0,0,0,0,1,0,0,0
https://breather.com/locations/montreal/2075-robertbourassa,montreal,CAD,58.08910093562179,464.7128074849743,24.0,4.0,28.0,965.0,58.0,4.7,1,0,0,0,0,0,0,1,1,0,0,0,0,0,0,0,1,0,1,0,0,1,0,0,0,0,0,0,0,0,0,1,1,0,0,0,0,0,1,0,0,0
https://breather.com/locations/montreal/50-queen-201,montreal,CAD,58.08910093562179,464.7128074849743,18.0,4.0,22.0,811.0,28.0,4.8,1,0,0,1,0,0,0,1,0,0,0,0,0,0,0,0,1,0,0,0,0,0,0,0,0,0,0,0,0,0,0,1,1,0,0,0,0,0,1,0,0,0
https://breather.com/locations/montreal/mtl-1130-sherbrooke,montreal,CAD,50.34388747753888,402.751099820311,24.0,4.0,28.0,690.0,13.0,5.0,0,0,0,0,0,0,0,1,0,0,0,0,0,0,0,0,1,0,0,0,0,1,0,0,1,0,0,0,0,0,0,1,1,0,0,0,0,0,1,0,0,0
https://breather.com/locations/montreal/372-st-catherine,montreal,CAD,54.21649420658033,433.73195365264263,16.0,6.0,22.0,600.0,375.0,4.5,1,0,1,1,0,0,0,1,0,0,0,0,0,0,0,0,1,0,0,0,0,1,0,0,1,0,0,0,0,0,0,1,1,0,0,0,0,1,1,0,0,0
https://breather.com/locations/montreal/mile-end,montreal,CAD,19.36303364520726,154.90426916165808,6.0,5.0,11.0,304.0,650.0,4.4,1,0,0,1,0,0,0,1,0,0,0,0,0,0,0,0,0,0,0,0,0,1,0,0,1,0,0,0,0,0,0,0,0,0,0,0,0,0,1,0,0,0
https://breather.com/locations/montreal/642-decourcelle-300,montreal,CAD,42.59867401945598,340.7893921556478,16.0,6.0,22.0,992.0,142.0,4.6,1,0,1,1,0,0,0,1,0,0,0,0,0,0,0,0,1,0,0,0,0,1,0,0,1,0,0,0,0,0,0,1,1,0,0,0,0,0,1,0,0,0
https://breather.com/locations/montreal/1357-green-300,montreal,CAD,58.08910093562179,464.7128074849743,24.0,8.0,32.0,1190.0,27.0,4.8,1,0,0,0,0,0,0,0,1,0,0,0,0,0,0,0,1,0,0,0,0,1,0,0,0,0,0,0,1,0,0,1,1,0,0,0,0,0,1,0,0,0
https://breather.com/locations/montreal/4398-st-laurent-306,montreal,CAD,47.245802094305716,377.96641675444573,16.0,6.0,22.0,621.0,68.0,4.6,1,0,1,1,0,0,0,1,0,0,0,1,0,0,0,1,1,0,0,0,0,1,0,0,1,0,0,0,0,0,0,1,1,0,0,0,0,0,1,0,0,0
https://breather.com/locations/montreal/2160-delamontagne,montreal,CAD,46.47128074849743,371.7702459879794,10.0,4.0,22.0,615.0,21.0,4.4,1,0,0,1,0,0,0,1,0,0,0,0,0,0,0,0,1,0,0,0,0,1,0,0,1,0,0,0,0,0,0,1,1,0,0,0,0,0,1,0,0,0
https://breather.com/locations/montreal/1751-richardson,montreal,CAD,53.44197286077204,427.5357828861763,20.0,8.0,28.0,950.0,70.0,4.7,1,0,0,1,0,0,0,1,0,0,0,1,0,0,0,0,1,0,1,0,0,1,0,0,1,0,0,0,0,0,0,1,1,0,0,0,0,0,1,0,0,0
https://breather.com/locations/montreal/205-viger,montreal,CAD,42.59867401945598,340.7893921556478,10.0,2.0,12.0,500.0,11.0,4.5,1,0,0,1,1,0,0,1,0,0,0,0,0,0,0,0,1,0,0,0,0,0,0,0,1,0,0,0,0,0,0,1,1,0,0,0,0,0,1,0,0,0
https://breather.com/locations/montreal/507-places-darmes-270,montreal,CAD,38.72606729041452,309.80853832331616,16.0,4.0,20.0,616.0,72.0,4.4,0,0,1,1,0,0,0,1,0,0,0,0,0,0,0,0,1,0,1,0,0,1,0,0,0,0,0,0,0,0,0,1,1,0,0,0,0,0,1,0,0,0
https://breather.com/locations/montreal/355-stcatherine-o,montreal,CAD,50.34388747753888,402.751099820311,16.0,4.0,20.0,640.0,18.0,4.8,1,0,0,0,0,0,0,0,0,0,0,0,0,0,0,0,1,0,0,0,0,1,0,0,0,0,0,0,0,0,0,1,1,0,0,0,0,0,1,0,0,0
https://breather.com/locations/montreal/329-dela-commune,montreal,CAD,46.47128074849743,371.7702459879794,27.0,4.0,31.0,785.0,21.0,4.6,0,0,1,1,0,0,0,0,0,0,0,0,0,0,0,0,1,0,0,0,0,1,0,0,1,0,0,0,0,0,0,1,1,0,0,0,0,0,1,0,0,0
https://breather.com/locations/montreal/1350-sherbrooke-1105,montreal,CAD,47.245802094305716,377.96641675444573,12.0,2.0,14.0,450.0,9.0,4.7,1,0,0,1,0,0,0,1,0,0,0,0,0,0,0,1,1,0,0,0,0,0,0,0,1,0,0,0,0,0,0,1,1,0,0,0,0,0,1,0,0,0
https://breather.com/locations/montreal/353-st-nicolas-001,montreal,CAD,38.72606729041452,309.80853832331616,14.0,5.0,20.0,585.0,47.0,4.4,1,0,1,1,0,0,0,0,0,0,0,1,0,0,0,0,1,0,0,0,0,1,0,0,1,0,0,0,0,0,0,1,1,0,0,0,0,0,1,0,0,0
https://breather.com/locations/montreal/372-stcath-212,montreal,CAD,60.41266497304665,483.3013197843732,24.0,8.0,32.0,1080.0,32.0,4.5,0,0,0,0,0,0,0,1,0,0,0,0,0,0,0,0,1,0,0,0,0,1,0,0,0,0,0,0,0,0,0,1,1,0,0,0,0,0,1,0,0,0
https://breather.com/locations/montreal/mtl-4060stcath-410,montreal,CAD,61.96170766466324,495.6936613173059,36.0,5.0,41.0,1050.0,21.0,4.6,1,0,0,0,0,0,0,1,0,0,0,0,0,0,0,0,1,0,0,0,0,1,0,0,0,0,0,0,0,0,0,1,1,0,0,0,0,0,1,0,0,0
https://breather.com/locations/montreal/mtl-1000dlg-360,montreal,CAD,65.83431439370469,526.6745151496375,20.0,5.0,25.0,870.0,12.0,4.8,1,0,0,1,0,0,0,1,0,0,0,0,0,0,0,0,1,0,1,0,1,1,0,0,1,1,0,0,0,0,0,1,1,0,0,0,0,0,1,0,0,0
https://breather.com/locations/montreal/1-westmount-1660,montreal,CAD,65.83431439370469,526.6745151496375,24.0,6.0,30.0,1142.0,23.0,4.4,1,0,0,1,1,0,0,1,0,0,0,0,0,0,0,1,1,0,0,0,1,1,0,1,1,1,0,0,0,0,0,1,1,0,0,0,0,0,1,0,0,0
https://breather.com/locations/montreal/mtl-3575stlau-130,montreal,CAD,65.83431439370469,526.6745151496375,30.0,10.0,40.0,1135.0,10.0,4.6,1,0,0,0,0,0,0,1,0,0,0,0,0,0,0,0,1,0,0,0,0,1,0,0,0,0,0,0,0,0,0,1,1,0,0,0,0,0,1,0,0,0
https://breather.com/locations/montreal/hotel-gault,montreal,CAD,30.98085383233162,247.84683065865295,3.0,8.0,12.0,350.0,87.0,4.2,0,0,0,1,0,0,0,0,0,0,1,0,0,0,0,0,0,0,1,0,0,0,1,0,0,0,0,0,0,0,0,0,0,1,0,0,0,0,1,0,0,0
https://breather.com/locations/montreal/555-rene-levesque,montreal,CAD,58.08910093562179,464.7128074849743,28.0,5.0,33.0,990.0,,,1,0,0,0,0,0,0,0,0,0,0,0,0,0,0,1,1,0,0,0,0,1,0,0,0,0,0,0,0,0,0,1,1,0,0,0,0,0,1,0,0,0
https://breather.com/locations/toronto/555-richmond-street-west,toronto,CAD,41.82415267364768,334.59322138918145,12.0,8.0,20.0,695.0,260.0,4.7,1,0,1,1,0,0,0,1,0,0,0,1,0,0,0,0,1,0,1,0,0,1,0,0,1,0,0,0,0,0,0,1,0,0,0,0,0,0,1,0,0,0
https://breather.com/locations/toronto/36-toronto-street,toronto,CAD,34.85346056137307,278.82768449098455,8.0,6.0,14.0,408.0,173.0,4.6,1,0,0,1,1,0,0,1,0,0,0,1,0,0,0,1,1,0,0,0,0,0,0,0,1,0,0,0,0,0,0,1,0,0,0,0,0,0,1,0,0,0
https://breather.com/locations/toronto/330-bay-street-2,toronto,CAD,42.59867401945598,340.7893921556478,10.0,7.0,17.0,633.0,121.0,4.7,1,0,1,1,1,0,0,1,0,0,0,1,0,0,0,0,1,0,0,0,0,1,0,0,1,0,0,0,0,0,0,1,0,0,0,0,0,0,1,0,0,0
https://breather.com/locations/toronto/134-peter-street,toronto,CAD,193.6303364520726,1549.042691616581,30.0,7.0,39.0,1445.0,58.0,4.8,1,0,0,1,1,0,0,1,0,1,0,0,0,0,0,1,1,0,1,0,1,0,0,0,1,1,0,0,0,0,0,1,0,0,0,0,0,0,1,0,0,0
https://breather.com/locations/toronto/25-adelaide-street-east,toronto,CAD,34.85346056137307,278.82768449098455,8.0,2.0,10.0,285.0,66.0,4.6,0,0,0,1,0,0,0,1,0,0,0,0,0,0,0,0,1,0,0,0,0,0,0,0,1,0,0,0,0,0,0,1,1,0,0,0,0,0,1,0,0,0
https://breather.com/locations/toronto/357-bay-street,toronto,CAD,48.020323440114005,384.16258752091204,10.0,5.0,15.0,665.0,128.0,4.7,1,0,1,1,1,0,0,1,0,0,0,1,0,0,0,0,1,0,0,0,0,0,0,0,1,0,0,0,0,0,0,1,0,0,0,0,0,0,1,0,0,0
https://breather.com/locations/toronto/20-maud-street-1,toronto,CAD,30.98085383233162,247.84683065865295,6.0,2.0,8.0,252.0,135.0,4.7,1,0,0,1,0,0,0,1,0,0,0,1,0,0,0,1,1,0,0,0,0,1,0,0,1,0,0,0,0,0,0,1,0,0,0,0,0,0,1,0,0,0
https://breather.com/locations/toronto/110-yonge-street-b,toronto,CAD,30.98085383233162,247.84683065865295,6.0,3.0,6.0,246.0,54.0,4.7,1,0,0,1,1,0,0,1,0,0,0,0,0,0,0,0,1,0,0,0,0,0,0,0,0,0,0,0,0,0,0,1,1,0,0,0,0,0,1,0,0,0
https://breather.com/locations/toronto/1240-bay-street-603,toronto,CAD,50.34388747753888,402.751099820311,10.0,2.0,12.0,532.0,28.0,4.7,1,0,0,1,1,0,0,1,0,0,0,0,0,0,0,0,1,0,1,0,0,0,0,0,1,0,0,0,0,0,0,1,1,0,0,0,0,0,1,0,0,0
https://breather.com/locations/toronto/425-adelaide-street-1,toronto,CAD,27.108247103290164,216.86597682632132,4.0,2.0,6.0,212.0,195.0,4.7,1,0,0,1,1,0,0,1,0,0,0,0,0,0,0,0,0,1,0,0,1,0,0,0,1,0,0,0,0,0,0,0,0,1,0,0,0,0,1,0,0,0
https://breather.com/locations/toronto/20-maud-street-2,toronto,CAD,46.47128074849743,371.7702459879794,14.0,6.0,20.0,518.0,74.0,4.7,1,0,1,1,0,0,0,1,0,1,0,1,0,0,0,1,1,0,0,0,0,1,0,0,1,0,0,0,0,0,0,1,0,0,0,0,0,0,1,0,0,0
https://breather.com/locations/toronto/925-queen-street-3,toronto,CAD,61.96170766466324,495.6936613173059,12.0,6.0,18.0,599.0,27.0,4.8,1,0,0,1,0,0,0,0,0,0,0,0,0,0,0,0,1,0,0,0,0,0,0,0,1,0,0,0,0,0,0,1,1,0,0,0,0,0,1,0,0,0
https://breather.com/locations/toronto/330-bay-street-1,toronto,CAD,46.47128074849743,371.7702459879794,12.0,4.0,16.0,671.0,58.0,4.7,1,0,1,1,1,0,0,1,0,0,0,1,0,0,0,0,1,0,0,0,0,1,0,0,1,0,0,0,0,0,0,1,0,0,0,0,0,0,1,0,0,0
https://breather.com/locations/toronto/425-adelaide-street-3,toronto,CAD,48.7948447859223,390.3587582873784,12.0,4.0,16.0,420.0,44.0,4.6,1,0,0,1,1,0,0,1,0,0,0,1,0,0,0,0,1,1,0,0,1,0,0,0,1,0,0,0,0,0,0,1,0,1,0,0,0,0,1,0,0,0
https://breather.com/locations/toronto/219-dufferin-street,toronto,CAD,65.83431439370469,526.6745151496375,12.0,4.0,22.0,876.0,35.0,4.7,1,0,0,1,1,0,0,1,0,0,0,0,0,0,0,0,1,1,0,0,0,1,0,0,1,0,0,0,0,0,0,1,0,0,0,0,0,0,1,0,0,0
https://breather.com/locations/toronto/111-peter-street-1,toronto,CAD,193.6303364520726,1549.042691616581,40.0,8.0,48.0,1440.0,82.0,4.6,1,0,1,1,1,0,0,1,0,0,0,0,0,0,0,0,1,0,0,0,0,1,0,0,1,0,1,0,0,0,0,1,1,0,0,0,0,0,1,0,0,0
https://breather.com/locations/toronto/141-adelaide-street-west,toronto,CAD,55.76553689819691,446.1242951855753,14.0,4.0,18.0,580.0,37.0,4.7,1,0,0,1,1,0,0,1,0,0,0,0,0,0,0,0,1,0,1,0,0,0,0,0,1,0,0,0,0,0,0,1,0,0,0,0,0,0,1,0,0,0
https://breather.com/locations/toronto/147-spadina-avenue,toronto,CAD,45.69675940268914,365.5740752215131,12.0,4.0,16.0,600.0,79.0,4.4,1,0,0,1,0,0,0,0,0,0,0,1,0,0,0,0,1,0,0,0,0,0,0,0,1,0,0,0,0,0,0,1,0,0,0,0,0,0,1,0,0,0
https://breather.com/locations/toronto/925-queen-street-1,toronto,CAD,34.85346056137307,278.82768449098455,4.0,1.0,4.0,189.0,47.0,4.5,1,0,0,1,0,0,0,0,0,0,0,0,0,0,0,0,1,0,0,0,0,0,0,0,0,0,0,0,0,0,0,1,1,0,0,0,0,0,1,0,0,0
https://breather.com/locations/toronto/18-king-street-east,toronto,CAD,50.34388747753888,402.751099820311,12.0,7.0,15.0,550.0,29.0,4.6,0,0,0,1,1,0,0,0,0,0,0,0,0,0,0,0,1,0,0,0,0,1,0,0,1,0,0,0,0,0,0,1,0,0,0,0,0,0,1,0,0,0
https://breather.com/locations/toronto/171-east-liberty-street-2,toronto,CAD,74.35404919759588,594.8323935807671,20.0,7.0,27.0,854.0,24.0,4.9,0,0,0,1,0,0,0,1,0,0,0,1,0,0,0,0,1,0,0,0,0,0,0,0,1,0,0,0,0,0,0,1,0,0,0,0,0,0,1,0,0,0
https://breather.com/locations/toronto/925-queen-street-2,toronto,CAD,50.34388747753888,402.751099820311,6.0,1.0,7.0,232.0,33.0,4.5,1,0,0,1,0,0,0,0,0,0,0,0,0,0,0,0,1,0,0,0,0,0,0,0,1,0,0,0,0,0,0,1,1,0,0,0,0,0,1,0,0,0
https://breather.com/locations/toronto/111-peter-street-2,toronto,CAD,92.94256149699486,743.5404919759588,24.0,4.0,28.0,809.0,52.0,4.5,1,0,1,1,1,0,0,1,0,0,0,1,0,0,0,0,1,0,0,0,0,1,0,1,1,0,0,0,0,0,0,1,0,0,0,0,0,0,1,0,0,0
https://breather.com/locations/toronto/200-adelaide-street-west,toronto,CAD,135.54123551645083,1084.3298841316066,24.0,5.0,24.0,1058.0,19.0,4.8,0,0,0,1,0,0,0,1,0,1,0,0,0,0,0,0,1,0,0,0,1,1,0,0,1,0,0,0,0,0,0,1,0,0,0,0,0,0,0,0,0,0
https://breather.com/locations/toronto/120-adelaide-street-west,toronto,CAD,72.8050065059793,582.4400520478345,24.0,6.0,30.0,790.0,50.0,4.6,1,0,1,1,0,0,0,1,0,0,0,1,0,0,0,0,1,0,0,0,0,0,0,0,1,1,0,0,0,0,0,1,0,0,0,0,0,0,1,0,0,0
https://breather.com/locations/toronto/1240-bay-street-604,toronto,CAD,116.17820187124357,929.4256149699486,28.0,6.0,28.0,1070.0,27.0,4.7,1,0,0,1,1,0,0,1,0,0,0,0,0,0,0,1,1,0,1,0,0,0,0,0,1,0,0,0,0,0,0,1,1,0,0,0,0,0,1,0,0,0
https://breather.com/locations/toronto/425-adelaide-street-2,toronto,CAD,50.34388747753888,402.751099820311,16.0,4.0,20.0,550.0,38.0,4.7,1,0,0,1,1,0,0,1,0,0,0,1,0,0,0,0,1,1,0,0,1,0,0,0,1,0,0,0,0,0,0,1,0,1,0,0,0,0,1,0,0,0
https://breather.com/locations/toronto/181-university-ave,toronto,CAD,116.17820187124357,929.4256149699486,20.0,5.0,25.0,1087.0,10.0,4.9,1,0,0,1,0,0,0,1,0,1,0,0,0,0,0,0,1,0,0,0,1,1,0,0,1,0,0,0,0,0,0,1,1,0,0,0,0,0,0,0,0,0
https://breather.com/locations/toronto/1-adelaide-street-east,toronto,CAD,73.57952785178759,588.6362228143007,14.0,6.0,18.0,835.0,37.0,4.2,1,0,1,1,1,0,0,1,0,1,0,1,0,0,0,0,1,0,1,0,1,1,0,0,1,1,0,0,0,0,0,1,0,0,0,0,0,0,1,0,0,0
https://breather.com/locations/toronto/1-university-1607,toronto,CAD,135.54123551645083,1084.3298841316066,28.0,3.0,30.0,990.0,,,1,0,0,1,1,0,0,1,0,0,0,0,0,0,0,1,1,0,1,0,0,1,0,0,1,0,0,0,0,0,0,1,1,0,0,0,0,0,1,0,0,0
https://breather.com/locations/toronto/2-bloor-street-east,toronto,CAD,154.90426916165808,1239.2341532932646,28.0,7.0,28.0,1645.0,23.0,4.7,1,0,0,1,0,0,0,1,0,1,0,0,0,0,0,0,1,0,0,0,0,1,0,0,1,1,0,0,0,0,0,1,1,0,0,0,0,0,0,0,0,0
https://breather.com/locations/toronto/123-front-street-west-907,toronto,CAD,85.19734803891195,681.5787843112956,24.0,4.0,24.0,732.0,10.0,4.4,1,0,0,1,1,0,0,1,0,0,0,1,0,0,0,1,1,0,1,0,0,1,0,0,1,1,0,0,0,0,0,1,0,0,0,0,0,0,1,0,0,0
https://breather.com/locations/toronto/106-front-street-e,toronto,CAD,96.8151682260363,774.5213458082904,24.0,3.0,24.0,1062.0,15.0,4.5,1,0,0,1,0,0,0,1,0,1,0,0,0,0,0,0,1,0,0,0,1,0,0,0,1,0,0,0,1,0,0,1,1,0,0,0,0,0,1,0,0,0
https://breather.com/locations/toronto/175-bloor-street-east,toronto,CAD,116.17820187124357,929.4256149699486,28.0,8.0,28.0,1530.0,7.0,4.9,1,0,0,1,0,0,0,1,0,0,0,0,0,0,0,0,1,0,0,0,0,1,0,0,1,1,0,0,0,0,0,1,1,0,0,0,0,0,1,0,0,0
https://breather.com/locations/toronto/40-university,toronto,CAD,212.99337009727986,1703.946960778239,40.0,10.0,50.0,1834.0,,,1,0,0,1,0,0,0,1,0,1,0,0,0,0,0,0,1,0,0,0,1,1,0,0,1,0,0,0,0,0,0,1,1,0,0,0,0,0,1,0,0,0
https://breather.com/locations/toronto/123-front-street-west-906,toronto,CAD,65.83431439370469,526.6745151496375,18.0,3.0,18.0,782.0,21.0,4.2,1,0,0,1,1,0,0,1,0,0,0,1,0,0,0,1,1,0,1,0,0,1,0,0,1,1,0,0,0,0,0,1,0,0,0,0,0,0,1,0,0,0
https://breather.com/locations/toronto/103-richmond-street-east,toronto,CAD,85.19734803891195,681.5787843112956,20.0,8.0,38.0,1257.0,27.0,4.2,1,0,0,1,0,0,0,1,0,1,0,0,0,0,0,0,1,0,0,0,1,1,0,0,1,0,0,0,0,0,0,1,1,0,0,0,0,0,1,0,0,0
https://breather.com/locations/toronto/171-east-liberty-street-1,toronto,CAD,85.19734803891195,681.5787843112956,30.0,4.0,34.0,928.0,11.0,4.6,0,0,0,1,0,0,0,1,0,0,0,1,0,0,0,0,1,0,0,0,0,0,0,0,1,0,0,0,0,0,0,1,0,0,0,0,0,0,1,0,0,0
https://breather.com/locations/boston/45-bromfield,boston,USD,191.0,1527.0,14.0,5.0,32.0,965.0,42.0,4.8,1,0,0,0,1,0,0,1,1,1,0,0,0,0,0,0,1,0,0,0,1,1,0,0,1,0,0,0,0,0,0,1,1,0,0,0,0,0,1,0,0,0
https://breather.com/locations/london/1-charlotte-street-3rd,london,GBP,137.38600232901985,1099.0880186321588,10.0,4.0,10.0,614.0,22.0,4.8,1,0,1,1,1,0,0,1,0,1,0,0,1,1,0,0,1,0,0,0,1,0,0,0,1,0,0,0,0,0,1,1,1,0,0,0,0,0,1,0,0,0
https://breather.com/locations/london/29-charlotte-rd,london,GBP,137.38600232901985,1099.0880186321588,14.0,8.0,14.0,710.0,89.0,4.7,1,0,1,0,1,0,0,0,1,0,1,1,1,1,0,1,1,0,0,0,0,0,0,0,1,0,0,0,0,0,1,0,0,0,0,0,0,1,1,0,0,0
https://breather.com/locations/london/kingst,london,GBP,196.2657176128855,1570.125740903084,20.0,6.0,36.0,813.0,27.0,4.2,0,0,1,1,0,0,0,0,1,1,0,0,1,1,0,1,1,0,0,0,1,1,0,0,1,0,0,0,0,0,1,0,0,0,0,0,0,0,1,0,0,0
https://breather.com/locations/london/clifton2,london,GBP,150.47038350321222,1203.7630680256977,14.0,5.0,14.0,631.0,24.0,4.3,1,0,1,1,0,0,0,1,0,0,0,0,1,1,0,1,1,0,0,0,0,1,0,0,1,0,0,0,0,0,1,1,1,0,0,0,0,0,1,0,0,0
https://breather.com/locations/london/welbeckstreet1,london,GBP,130.84381174192367,1046.7504939353894,20.0,4.0,20.0,559.0,18.0,4.9,1,0,1,1,1,0,0,0,0,0,1,1,1,1,0,1,1,0,0,0,0,1,0,0,1,1,0,0,0,0,1,0,0,0,0,0,0,0,1,0,0,0
https://breather.com/locations/los-angeles/2216-main,los-angeles,USD,76.0,608.0,14.0,5.0,28.0,875.0,68.0,4.7,1,0,0,1,0,0,0,1,1,1,0,1,0,0,0,0,1,1,0,0,1,0,0,0,1,0,0,0,0,0,0,1,1,0,0,0,0,1,1,0,0,0
https://breather.com/locations/los-angeles/1639-11th,los-angeles,USD,118.0,944.0,28.0,5.0,36.0,740.0,66.0,4.7,1,0,0,0,0,0,0,0,0,0,0,1,0,0,0,0,1,0,0,0,1,0,0,0,0,0,0,0,0,0,0,1,1,0,0,0,0,0,1,0,0,0
https://breather.com/locations/los-angeles/555-rose-ave,los-angeles,USD,119.0,952.0,14.0,12.0,40.0,925.0,75.0,4.5,1,0,1,0,0,0,0,0,1,1,0,1,0,0,0,0,1,0,0,0,1,1,0,0,1,0,0,0,1,0,0,1,1,0,0,0,0,0,1,0,0,0
https://breather.com/locations/los-angeles/9314-venice-blvd,los-angeles,USD,78.0,624.0,16.0,4.0,25.0,647.0,67.0,4.6,1,0,0,0,1,0,0,0,1,0,0,0,0,0,0,0,1,0,0,0,1,0,0,1,1,0,0,0,0,0,0,1,1,0,0,0,0,0,1,0,0,0
https://breather.com/locations/los-angeles/1639-11th-210,los-angeles,USD,116.0,928.0,18.0,4.0,30.0,1072.0,14.0,4.6,1,0,0,1,0,0,0,0,0,0,0,0,0,0,0,1,1,0,0,0,0,0,0,0,1,0,0,0,0,0,0,1,1,0,0,0,0,0,1,0,0,0
https://breather.com/locations/new-york/176-grand,new-york,USD,282.0,2256.0,42.0,4.0,46.0,1377.0,32.0,4.5,1,0,0,1,1,0,0,1,0,1,0,0,0,1,0,1,1,0,0,0,0,1,0,0,1,0,0,0,0,0,0,1,1,0,0,0,0,0,1,1,0,0
https://breather.com/locations/new-york/95-grand,new-york,USD,184.0,1472.0,18.0,3.0,21.0,1019.0,29.0,4.7,1,0,0,0,0,0,0,0,1,1,0,0,0,0,0,0,1,0,0,0,0,1,0,0,1,0,0,0,0,0,0,1,1,0,0,0,0,0,1,0,0,0
https://breather.com/locations/san-francisco/374-brannan-3,san-francisco,USD,,,,,,,,,0,0,0,0,0,0,0,0,0,0,0,0,0,0,0,0,0,0,0,0,0,0,0,0,0,0,0,0,0,0,0,0,0,0,0,0,0,0,0,0,0,0
https://breather.com/locations/san-francisco/kearny-2?searchMode=daily,san-francisco,USD,31.0,248.0,3.0,1.0,5.0,190.0,750.0,4.7,0,0,0,1,0,0,0,0,0,0,0,0,0,0,0,0,0,0,0,0,0,0,0,0,0,0,0,0,0,0,0,0,0,0,0,0,0,1,1,0,0,0
https://breather.com/locations/toronto/96-spadina-avenue,toronto,CAD,64.28527170208811,514.2821736167049,12.0,7.0,20.0,785.0,215.0,4.7,1,0,0,1,0,0,0,0,0,0,0,1,0,0,0,0,1,0,0,0,0,0,0,0,1,0,0,0,0,0,0,1,1,0,0,0,0,0,1,0,0,0
https://breather.com/locations/new-york/36-east-23-9f,new-york,USD,100.0,800.0,22.0,4.0,26.0,808.0,137.0,4.7,0,0,0,1,0,0,0,1,0,1,0,0,0,0,0,0,1,0,0,0,1,1,0,0,1,0,0,0,0,0,0,1,1,0,0,0,0,0,1,0,0,0
https://breather.com/locations/new-york/215-park-ave-s-2010,new-york,USD,250.0,2000.0,12.0,4.0,16.0,925.0,,,1,0,0,1,0,0,0,1,0,1,0,0,0,0,0,1,1,0,1,0,0,1,0,0,1,0,0,0,0,0,0,1,1,0,0,0,0,0,1,0,0,0
https://breather.com/locations/los-angeles/200-corporate-pointe-490a,los-angeles,USD,135.0,1080.0,26.0,6.0,49.0,1388.0,8.0,4.6,1,0,1,1,0,0,0,1,0,1,0,0,0,0,0,1,1,0,0,0,1,1,0,1,1,1,0,0,0,0,0,1,1,0,0,0,0,0,1,0,0,0
https://breather.com/locations/washington-dc/1705-desales-1,washington-dc,USD,107.0,856.0,16.0,4.0,20.0,550.0,37.0,4.5,1,0,1,1,0,0,0,1,0,0,0,1,0,0,0,0,1,0,0,0,0,1,0,0,1,0,0,0,0,0,0,1,0,0,0,0,0,1,1,0,0,0
https://breather.com/locations/london/34-great-marlborough-street,london,GBP,170.09695526450076,1360.775642116006,22.0,5.0,26.0,726.0,45.0,4.6,1,0,1,1,0,0,0,1,0,1,0,0,1,1,0,1,1,0,0,0,1,1,0,0,1,1,0,0,0,0,1,0,0,0,0,0,0,0,1,0,0,0
https://breather.com/locations/london/clerkenwell1,london,GBP,150.47038350321222,1203.7630680256977,14.0,5.0,14.0,850.0,26.0,4.8,1,0,1,1,0,0,0,1,0,1,0,1,1,1,0,0,1,0,0,0,1,1,0,0,1,1,0,0,0,0,1,0,0,1,0,0,0,0,1,1,0,0
https://breather.com/locations/london/15ahanoverst2,london,GBP,78.5062870451542,628.0502963612336,6.0,4.0,6.0,510.0,60.0,4.5,1,0,1,0,1,0,0,0,1,0,0,1,1,1,0,0,1,0,0,0,0,1,0,0,1,0,0,0,0,0,1,0,0,0,0,0,0,1,1,0,0,0
https://breather.com/locations/london/clerkenwell3,london,GBP,52.337524696769464,418.7001975741557,3.0,3.0,3.0,170.0,34.0,4.6,1,0,0,1,0,0,0,1,0,0,0,0,1,1,0,0,0,0,0,0,0,1,0,0,1,1,0,0,0,0,1,0,0,1,0,0,0,1,1,0,0,0
https://breather.com/locations/london/25doverst1,london,GBP,98.13285880644275,785.062870451542,8.0,2.0,8.0,410.0,66.0,4.0,1,0,1,1,0,0,0,1,0,0,0,1,1,1,0,0,1,0,0,0,0,1,0,0,1,1,0,0,0,0,1,0,0,0,0,0,0,1,1,0,0,0
https://breather.com/locations/london/clerkenwellthepenthouse,london,GBP,242.06105172255877,1936.4884137804702,20.0,5.0,36.0,1123.0,39.0,4.3,1,0,1,1,0,0,0,1,0,1,0,0,1,1,0,1,1,0,0,0,1,1,0,0,1,1,0,0,0,0,1,0,0,0,0,0,0,1,1,0,0,0
https://breather.com/locations/london/25-newman-street,london,GBP,137.38600232901985,1099.0880186321588,14.0,5.0,14.0,712.0,45.0,4.4,1,0,1,1,0,0,0,0,0,0,0,1,1,1,0,0,1,0,0,0,0,1,0,0,1,0,0,0,0,0,1,0,0,0,0,0,0,1,1,0,0,0
https://breather.com/locations/london/crinan,london,GBP,240.75261360513954,1926.0209088411164,36.0,5.0,48.0,1365.0,,,1,0,0,1,0,0,0,1,0,0,0,0,1,1,0,0,1,1,0,0,1,1,0,0,1,1,0,0,0,0,1,0,0,0,0,0,1,0,1,0,0,0
https://breather.com/locations/toronto/481-university-avenue,toronto,CAD,37.95154594460623,303.61236755684985,16.0,6.0,22.0,450.0,50.0,4.7,1,0,1,1,0,0,0,0,0,0,0,1,0,0,0,0,1,0,0,0,0,1,0,0,1,0,0,0,0,0,0,1,0,0,0,0,0,0,1,0,0,0
https://breather.com/locations/toronto/110-yonge-street,toronto,CAD,116.17820187124357,929.4256149699486,24.0,8.0,28.0,1413.0,28.0,4.5,1,0,0,1,1,0,0,1,0,1,0,0,0,0,0,0,1,0,1,0,1,0,0,0,1,0,0,0,0,0,0,1,1,0,0,0,0,0,1,0,0,0
https://breather.com/locations/ottawa/byward-market,ottawa,CAD,19.36303364520726,154.90426916165808,6.0,3.0,20.0,350.0,636.0,4.7,1,0,0,1,0,0,0,0,0,0,0,0,0,0,0,1,0,0,0,0,0,1,0,0,1,0,0,0,1,0,0,0,0,0,0,0,0,0,1,0,0,0
https://breather.com/locations/ottawa/metcalfe,ottawa,CAD,15.49042691616581,123.92341532932647,3.0,2.0,4.0,185.0,403.0,4.7,1,0,0,1,0,0,0,0,0,0,0,0,0,0,0,0,0,0,0,0,0,0,0,0,1,0,0,0,0,0,0,0,0,1,0,0,0,0,1,0,0,0
